dc01_multiplier,dc01_available_t,objective_mad,service_rate,accepted_orders
0.5,3375.0,27617048.553949084,0.6142084762513808,42
0.6,4050.0,28977560.524007235,0.6496133945700832,42
0.7,4725.0,30299531.45301107,0.6843206790302889,44
0.8,5400.0,31587542.81795882,0.7208301842916109,44
0.9,6075.0,32718330.914944742,0.755711877216441,48
1.0,6750.0,33038237.175328787,0.7878030347072844,50
1.1,7425.000000000001,33038237.175328787,0.7878030347072844,50
1.2,8100.0,33038237.175328787,0.7878030347072844,50
1.3,8775.0,33038237.175328787,0.7878030347072844,50
1.4,9450.0,33038237.175328787,0.7878030347072844,50
1.5,10125.0,33038237.175328787,0.7878030347072844,50
