option_idx,order_id,route_id,prod_week,delivery_week,margin,value,reduced_cost
0,CMD-001,HDG_CRMA_LGA,1,1,1053974.403253089,0.0,1053974.4
1,CMD-001,HDG_CRMA_LGA,1,2,825554.4032530889,0.0,825554.4
2,CMD-001,HDG_CRMA_LGA,1,3,597134.4032530889,0.0,597134.4
3,CMD-001,HDG_CRMA_LGA,1,4,368714.40325308894,0.0,368714.4
4,CMD-001,HDG_CRMA_LGA,2,2,842474.4032530889,0.0,842474.4
5,CMD-001,HDG_CRMA_LGA,2,3,614054.4032530889,0.0,614054.4
6,CMD-001,HDG_CRMA_LGA,2,4,385634.40325308894,0.0,385634.4
7,CMD-001,HDG_CRMA_LGA,3,3,630974.4032530889,0.0,630974.4
8,CMD-001,HDG_CRMA_LGA,3,4,402554.40325308894,0.0,402554.4
9,CMD-001,HDG_CRMA_LGA,4,4,419474.40325308894,0.0,419474.4
10,CMD-001,HDG_CRMB_LGA,1,1,1075407.7261130998,0.0,1075407.7
11,CMD-001,HDG_CRMB_LGA,1,2,846987.7261130998,0.0,846987.73
12,CMD-001,HDG_CRMB_LGA,1,3,618567.7261130998,0.0,618567.73
13,CMD-001,HDG_CRMB_LGA,1,4,390147.72611309984,0.0,390147.73
14,CMD-001,HDG_CRMB_LGA,2,2,863907.7261130998,0.0,863907.73
15,CMD-001,HDG_CRMB_LGA,2,3,635487.7261130998,0.0,635487.73
16,CMD-001,HDG_CRMB_LGA,2,4,407067.72611309984,0.0,407067.73
17,CMD-001,HDG_CRMB_LGA,3,3,652407.7261130998,1.0,652407.73
18,CMD-001,HDG_CRMB_LGA,3,4,423987.72611309984,0.0,423987.73
19,CMD-001,HDG_CRMB_LGA,4,4,440907.72611309984,0.0,440907.73
20,CMD-003,HDG_CRMA_LGB,1,1,1109489.3642632393,0.0,1109489.4
21,CMD-003,HDG_CRMA_LGB,1,2,811409.3642632393,0.0,811409.36
22,CMD-003,HDG_CRMA_LGB,1,3,513329.3642632393,0.0,513329.36
23,CMD-003,HDG_CRMA_LGB,1,4,215249.36426323932,0.0,215249.36
24,CMD-003,HDG_CRMA_LGB,2,2,833489.3642632393,0.0,833489.36
25,CMD-003,HDG_CRMA_LGB,2,3,535409.3642632393,0.0,535409.36
26,CMD-003,HDG_CRMA_LGB,2,4,237329.36426323932,0.0,237329.36
27,CMD-003,HDG_CRMA_LGB,3,3,557489.3642632393,0.0,557489.36
28,CMD-003,HDG_CRMA_LGB,3,4,259409.36426323932,0.0,259409.36
29,CMD-003,HDG_CRMA_LGB,4,4,281489.3642632393,0.0,281489.36
30,CMD-003,HDG_CRMB_LGB,1,1,1133740.2629281878,1.0,1133740.3
31,CMD-003,HDG_CRMB_LGB,1,2,835660.2629281878,0.0,835660.26
32,CMD-003,HDG_CRMB_LGB,1,3,537580.2629281878,0.0,537580.26
33,CMD-003,HDG_CRMB_LGB,1,4,239500.26292818785,0.0,239500.26
34,CMD-003,HDG_CRMB_LGB,2,2,857740.2629281878,0.0,857740.26
35,CMD-003,HDG_CRMB_LGB,2,3,559660.2629281878,0.0,559660.26
36,CMD-003,HDG_CRMB_LGB,2,4,261580.26292818785,0.0,261580.26
37,CMD-003,HDG_CRMB_LGB,3,3,581740.2629281878,0.0,581740.26
38,CMD-003,HDG_CRMB_LGB,3,4,283660.26292818785,0.0,283660.26
39,CMD-003,HDG_CRMB_LGB,4,4,305740.26292818785,0.0,305740.26
40,CMD-004,CRC_CRMB_BAF_SKP,1,1,170636.15681807825,0.0,170636.16
41,CMD-004,CRC_CRMB_BAF_SKP,1,2,147836.15681807825,0.0,145461.16
42,CMD-004,CRC_CRMB_BAF_SKP,1,3,125036.15681807825,0.0,120286.16
43,CMD-004,CRC_CRMB_BAF_SKP,1,4,102236.15681807825,0.0,95111.157
44,CMD-004,CRC_CRMB_BAF_SKP,2,2,151636.15681807825,0.0,151636.16
45,CMD-004,CRC_CRMB_BAF_SKP,2,3,128836.15681807825,0.0,126461.16
46,CMD-004,CRC_CRMB_BAF_SKP,2,4,106036.15681807825,0.0,101286.16
47,CMD-004,CRC_CRMB_BAF_SKP,3,3,132636.15681807825,0.0,132636.16
48,CMD-004,CRC_CRMB_BAF_SKP,3,4,109836.15681807825,0.0,107461.16
49,CMD-004,CRC_CRMB_BAF_SKP,4,4,113636.15681807825,0.0,113636.16
50,CMD-006,PPGI_CRMA_LGA,1,1,663306.6635354534,0.0,663306.66
51,CMD-006,PPGI_CRMA_LGA,1,2,626346.6635354534,0.0,626346.66
52,CMD-006,PPGI_CRMA_LGA,1,3,589386.6635354534,0.0,589386.66
53,CMD-006,PPGI_CRMA_LGA,1,4,552426.6635354534,0.0,552426.66
54,CMD-006,PPGI_CRMA_LGA,2,2,632506.6635354534,0.0,632506.66
55,CMD-006,PPGI_CRMA_LGA,2,3,595546.6635354534,0.0,595546.66
56,CMD-006,PPGI_CRMA_LGA,2,4,558586.6635354534,0.0,558586.66
57,CMD-006,PPGI_CRMA_LGA,3,3,601706.6635354534,0.0,601706.66
58,CMD-006,PPGI_CRMA_LGA,3,4,564746.6635354534,0.0,564746.66
59,CMD-006,PPGI_CRMA_LGA,4,4,570906.6635354534,0.0,570906.66
60,CMD-006,PPGI_CRMB_LGA,1,1,671069.7428948546,0.0,671069.74
61,CMD-006,PPGI_CRMB_LGA,1,2,634109.7428948546,0.0,634109.74
62,CMD-006,PPGI_CRMB_LGA,1,3,597149.7428948546,0.0,597149.74
63,CMD-006,PPGI_CRMB_LGA,1,4,560189.7428948546,0.0,560189.74
64,CMD-006,PPGI_CRMB_LGA,2,2,640269.7428948546,1.0,640269.74
65,CMD-006,PPGI_CRMB_LGA,2,3,603309.7428948546,0.0,603309.74
66,CMD-006,PPGI_CRMB_LGA,2,4,566349.7428948546,0.0,566349.74
67,CMD-006,PPGI_CRMB_LGA,3,3,609469.7428948546,0.0,609469.74
68,CMD-006,PPGI_CRMB_LGA,3,4,572509.7428948546,0.0,572509.74
69,CMD-006,PPGI_CRMB_LGA,4,4,578669.7428948546,0.0,578669.74
70,CMD-007,CRC_CRMB_BAF_SKP,1,1,572360.5450511364,0.0,572360.55
71,CMD-007,CRC_CRMB_BAF_SKP,1,2,505880.5450511364,0.0,498955.55
72,CMD-007,CRC_CRMB_BAF_SKP,1,3,439400.5450511364,0.0,425550.55
73,CMD-007,CRC_CRMB_BAF_SKP,1,4,372920.5450511364,0.0,352145.55
74,CMD-007,CRC_CRMB_BAF_SKP,2,2,516960.5450511364,0.0,516960.55
75,CMD-007,CRC_CRMB_BAF_SKP,2,3,450480.5450511364,0.0,443555.55
76,CMD-007,CRC_CRMB_BAF_SKP,2,4,384000.5450511364,0.0,370150.55
77,CMD-007,CRC_CRMB_BAF_SKP,3,3,461560.5450511364,0.0,461560.55
78,CMD-007,CRC_CRMB_BAF_SKP,3,4,395080.5450511364,0.0,388155.55
79,CMD-007,CRC_CRMB_BAF_SKP,4,4,406160.5450511364,0.0,406160.55
80,CMD-008,BACR_B_CRMA_LGA,1,1,994690.556819268,0.0,994690.56
81,CMD-008,BACR_B_CRMA_LGA,1,2,901090.556819268,0.0,901090.56
82,CMD-008,BACR_B_CRMA_LGA,1,3,807490.556819268,0.0,807490.56
83,CMD-008,BACR_B_CRMA_LGA,1,4,713890.556819268,0.0,713890.56
84,CMD-008,BACR_B_CRMA_LGA,2,2,916690.556819268,0.0,916690.56
85,CMD-008,BACR_B_CRMA_LGA,2,3,823090.556819268,0.0,823090.56
86,CMD-008,BACR_B_CRMA_LGA,2,4,729490.556819268,0.0,729490.56
87,CMD-008,BACR_B_CRMA_LGA,3,3,838690.556819268,0.0,838690.56
88,CMD-008,BACR_B_CRMA_LGA,3,4,745090.556819268,0.0,745090.56
89,CMD-008,BACR_B_CRMA_LGA,4,4,760690.556819268,0.0,760690.56
90,CMD-008,BACR_B_CRMB_LGA,1,1,1013758.5004390015,0.0,1013758.5
91,CMD-008,BACR_B_CRMB_LGA,1,2,920158.5004390015,0.0,920158.5
92,CMD-008,BACR_B_CRMB_LGA,1,3,826558.5004390015,0.0,826558.5
93,CMD-008,BACR_B_CRMB_LGA,1,4,732958.5004390015,0.0,732958.5
94,CMD-008,BACR_B_CRMB_LGA,2,2,935758.5004390015,0.0,935758.5
95,CMD-008,BACR_B_CRMB_LGA,2,3,842158.5004390015,0.0,842158.5
96,CMD-008,BACR_B_CRMB_LGA,2,4,748558.5004390015,0.0,748558.5
97,CMD-008,BACR_B_CRMB_LGA,3,3,857758.5004390015,0.0,857758.5
98,CMD-008,BACR_B_CRMB_LGA,3,4,764158.5004390015,0.0,764158.5
99,CMD-008,BACR_B_CRMB_LGA,4,4,779758.5004390015,0.0,779758.5
100,CMD-009,CRC_CRMB_BAF_SKP,1,1,412516.86756104714,0.0,412516.87
101,CMD-009,CRC_CRMB_BAF_SKP,1,2,354196.86756104714,0.0,348121.87
102,CMD-009,CRC_CRMB_BAF_SKP,1,3,295876.86756104714,0.0,283726.87
103,CMD-009,CRC_CRMB_BAF_SKP,1,4,237556.86756104714,0.0,219331.87
104,CMD-009,CRC_CRMB_BAF_SKP,2,2,363916.86756104714,0.0,363916.87
105,CMD-009,CRC_CRMB_BAF_SKP,2,3,305596.86756104714,0.0,299521.87
106,CMD-009,CRC_CRMB_BAF_SKP,2,4,247276.86756104714,0.0,235126.87
107,CMD-009,CRC_CRMB_BAF_SKP,3,3,315316.86756104714,0.0,315316.87
108,CMD-009,CRC_CRMB_BAF_SKP,3,4,256996.86756104714,0.0,250921.87
109,CMD-009,CRC_CRMB_BAF_SKP,4,4,266716.86756104714,0.0,266716.87
110,CMD-010,CRC_CRMB_BAF_SKP,1,1,389219.366146977,0.0,389219.37
111,CMD-010,CRC_CRMB_BAF_SKP,1,2,343139.366146977,0.0,338339.37
112,CMD-010,CRC_CRMB_BAF_SKP,1,3,297059.366146977,0.0,287459.37
113,CMD-010,CRC_CRMB_BAF_SKP,1,4,250979.366146977,0.0,236579.37
114,CMD-010,CRC_CRMB_BAF_SKP,2,2,350819.366146977,0.0,350819.37
115,CMD-010,CRC_CRMB_BAF_SKP,2,3,304739.366146977,0.0,299939.37
116,CMD-010,CRC_CRMB_BAF_SKP,2,4,258659.366146977,0.0,249059.37
117,CMD-010,CRC_CRMB_BAF_SKP,3,3,312419.366146977,0.0,312419.37
118,CMD-010,CRC_CRMB_BAF_SKP,3,4,266339.366146977,0.0,261539.37
119,CMD-010,CRC_CRMB_BAF_SKP,4,4,274019.366146977,0.0,274019.37
120,CMD-011,CRC_CRMB_BAF_SKP,1,1,102176.01595129573,0.0,102176.02
121,CMD-011,CRC_CRMB_BAF_SKP,1,2,100216.01595129573,0.0,98991.016
122,CMD-011,CRC_CRMB_BAF_SKP,1,3,98256.01595129573,0.0,95806.016
123,CMD-011,CRC_CRMB_BAF_SKP,1,4,96296.01595129573,0.0,92621.016
124,CMD-011,CRC_CRMB_BAF_SKP,2,2,102176.01595129573,0.0,102176.02
125,CMD-011,CRC_CRMB_BAF_SKP,2,3,100216.01595129573,0.0,98991.016
126,CMD-011,CRC_CRMB_BAF_SKP,2,4,98256.01595129573,0.0,95806.016
127,CMD-011,CRC_CRMB_BAF_SKP,3,3,102176.01595129573,0.0,102176.02
128,CMD-011,CRC_CRMB_BAF_SKP,3,4,100216.01595129573,0.0,98991.016
129,CMD-011,CRC_CRMB_BAF_SKP,4,4,102176.01595129573,1.0,102176.02
130,CMD-012,HDG_CRMA_LGB,1,1,1295743.0156713943,0.0,1295743.0
131,CMD-012,HDG_CRMA_LGB,1,2,1272743.0156713943,0.0,1272743.0
132,CMD-012,HDG_CRMA_LGB,1,3,962243.0156713943,0.0,962243.02
133,CMD-012,HDG_CRMA_LGB,1,4,651743.0156713943,0.0,651743.02
134,CMD-012,HDG_CRMA_LGB,2,2,1295743.0156713943,0.0,1295743.0
135,CMD-012,HDG_CRMA_LGB,2,3,985243.0156713943,0.0,985243.02
136,CMD-012,HDG_CRMA_LGB,2,4,674743.0156713943,0.0,674743.02
137,CMD-012,HDG_CRMA_LGB,3,3,1008243.0156713943,0.0,1008243.0
138,CMD-012,HDG_CRMA_LGB,3,4,697743.0156713943,0.0,697743.02
139,CMD-012,HDG_CRMA_LGB,4,4,720743.0156713943,0.0,720743.02
140,CMD-012,HDG_CRMB_LGB,1,1,1325013.6018629964,1.0,1325013.6
141,CMD-012,HDG_CRMB_LGB,1,2,1302013.6018629964,0.0,1302013.6
142,CMD-012,HDG_CRMB_LGB,1,3,991513.6018629964,0.0,991513.6
143,CMD-012,HDG_CRMB_LGB,1,4,681013.6018629964,0.0,681013.6
144,CMD-012,HDG_CRMB_LGB,2,2,1325013.6018629964,0.0,1325013.6
145,CMD-012,HDG_CRMB_LGB,2,3,1014513.6018629964,0.0,1014513.6
146,CMD-012,HDG_CRMB_LGB,2,4,704013.6018629964,0.0,704013.6
147,CMD-012,HDG_CRMB_LGB,3,3,1037513.6018629964,0.0,1037513.6
148,CMD-012,HDG_CRMB_LGB,3,4,727013.6018629964,0.0,727013.6
149,CMD-012,HDG_CRMB_LGB,4,4,750013.6018629964,0.0,750013.6
150,CMD-013,PPGI_CRMA_LGA,1,1,1753450.734218864,0.0,1753450.7
151,CMD-013,PPGI_CRMA_LGA,1,2,1734650.734218864,0.0,1734650.7
152,CMD-013,PPGI_CRMA_LGA,1,3,1480850.734218864,0.0,1480850.7
153,CMD-013,PPGI_CRMA_LGA,1,4,1227050.734218864,0.0,1227050.7
154,CMD-013,PPGI_CRMA_LGA,2,2,1753450.734218864,0.0,1753450.7
155,CMD-013,PPGI_CRMA_LGA,2,3,1499650.734218864,0.0,1499650.7
156,CMD-013,PPGI_CRMA_LGA,2,4,1245850.734218864,0.0,1245850.7
157,CMD-013,PPGI_CRMA_LGA,3,3,1518450.734218864,0.0,1518450.7
158,CMD-013,PPGI_CRMA_LGA,3,4,1264650.734218864,0.0,1264650.7
159,CMD-013,PPGI_CRMA_LGA,4,4,1283450.734218864,0.0,1283450.7
160,CMD-013,PPGI_CRMB_LGA,1,1,1779173.5263214286,0.0,1779173.5
161,CMD-013,PPGI_CRMB_LGA,1,2,1760373.5263214286,0.0,1760373.5
162,CMD-013,PPGI_CRMB_LGA,1,3,1506573.5263214286,0.0,1506573.5
163,CMD-013,PPGI_CRMB_LGA,1,4,1252773.5263214286,0.0,1252773.5
164,CMD-013,PPGI_CRMB_LGA,2,2,1779173.5263214286,0.0,1779173.5
165,CMD-013,PPGI_CRMB_LGA,2,3,1525373.5263214286,0.0,1525373.5
166,CMD-013,PPGI_CRMB_LGA,2,4,1271573.5263214286,0.0,1271573.5
167,CMD-013,PPGI_CRMB_LGA,3,3,1544173.5263214286,0.0,1544173.5
168,CMD-013,PPGI_CRMB_LGA,3,4,1290373.5263214286,0.0,1290373.5
169,CMD-013,PPGI_CRMB_LGA,4,4,1309173.5263214286,0.0,1309173.5
170,CMD-015,HDG_CRMA_LGB,1,1,271140.00663987617,0.0,271140.01
171,CMD-015,HDG_CRMA_LGB,1,2,266180.00663987617,0.0,266180.01
172,CMD-015,HDG_CRMA_LGB,1,3,236420.00663987617,0.0,236420.01
173,CMD-015,HDG_CRMA_LGB,1,4,206660.00663987617,0.0,206660.01
174,CMD-015,HDG_CRMA_LGB,2,2,271140.00663987617,0.0,271140.01
175,CMD-015,HDG_CRMA_LGB,2,3,241380.00663987617,0.0,241380.01
176,CMD-015,HDG_CRMA_LGB,2,4,211620.00663987617,0.0,211620.01
177,CMD-015,HDG_CRMA_LGB,3,3,246340.00663987617,0.0,246340.01
178,CMD-015,HDG_CRMA_LGB,3,4,216580.00663987617,0.0,216580.01
179,CMD-015,HDG_CRMA_LGB,4,4,221540.00663987617,0.0,221540.01
180,CMD-015,HDG_CRMB_LGB,1,1,277241.57747922564,1.0,277241.58
181,CMD-015,HDG_CRMB_LGB,1,2,272281.57747922564,0.0,272281.58
182,CMD-015,HDG_CRMB_LGB,1,3,242521.57747922564,0.0,242521.58
183,CMD-015,HDG_CRMB_LGB,1,4,212761.57747922564,0.0,212761.58
184,CMD-015,HDG_CRMB_LGB,2,2,277241.57747922564,0.0,277241.58
185,CMD-015,HDG_CRMB_LGB,2,3,247481.57747922564,0.0,247481.58
186,CMD-015,HDG_CRMB_LGB,2,4,217721.57747922564,0.0,217721.58
187,CMD-015,HDG_CRMB_LGB,3,3,252441.57747922564,0.0,252441.58
188,CMD-015,HDG_CRMB_LGB,3,4,222681.57747922564,0.0,222681.58
189,CMD-015,HDG_CRMB_LGB,4,4,227641.57747922564,0.0,227641.58
190,CMD-016,BACR_A_CRMB_BAF_LGB,1,1,269346.0336108496,0.0,269346.03
191,CMD-016,BACR_A_CRMB_BAF_LGB,1,2,264466.0336108496,0.0,264466.03
192,CMD-016,BACR_A_CRMB_BAF_LGB,1,3,235186.03361084958,0.0,235186.03
193,CMD-016,BACR_A_CRMB_BAF_LGB,1,4,205906.03361084958,0.0,205906.03
194,CMD-016,BACR_A_CRMB_BAF_LGB,2,2,269346.0336108496,0.0,269346.03
195,CMD-016,BACR_A_CRMB_BAF_LGB,2,3,240066.03361084958,0.0,240066.03
196,CMD-016,BACR_A_CRMB_BAF_LGB,2,4,210786.03361084958,0.0,210786.03
197,CMD-016,BACR_A_CRMB_BAF_LGB,3,3,244946.03361084958,0.0,244946.03
198,CMD-016,BACR_A_CRMB_BAF_LGB,3,4,215666.03361084958,0.0,215666.03
199,CMD-016,BACR_A_CRMB_BAF_LGB,4,4,220546.03361084958,0.0,220546.03
200,CMD-016,BACR_B_CRMA_LGB,1,1,300981.4116588755,0.0,300981.41
201,CMD-016,BACR_B_CRMA_LGB,1,2,296101.4116588755,0.0,296101.41
202,CMD-016,BACR_B_CRMA_LGB,1,3,266821.4116588755,0.0,266821.41
203,CMD-016,BACR_B_CRMA_LGB,1,4,237541.41165887553,0.0,237541.41
204,CMD-016,BACR_B_CRMA_LGB,2,2,300981.4116588755,0.0,300981.41
205,CMD-016,BACR_B_CRMA_LGB,2,3,271701.4116588755,0.0,271701.41
206,CMD-016,BACR_B_CRMA_LGB,2,4,242421.41165887553,0.0,242421.41
207,CMD-016,BACR_B_CRMA_LGB,3,3,276581.4116588755,0.0,276581.41
208,CMD-016,BACR_B_CRMA_LGB,3,4,247301.41165887553,0.0,247301.41
209,CMD-016,BACR_B_CRMA_LGB,4,4,252181.41165887553,0.0,252181.41
210,CMD-016,BACR_B_CRMB_LGB,1,1,307034.03904316237,0.0,307034.04
211,CMD-016,BACR_B_CRMB_LGB,1,2,302154.03904316237,0.0,302154.04
212,CMD-016,BACR_B_CRMB_LGB,1,3,272874.03904316237,0.0,272874.04
213,CMD-016,BACR_B_CRMB_LGB,1,4,243594.03904316237,0.0,243594.04
214,CMD-016,BACR_B_CRMB_LGB,2,2,307034.03904316237,0.0,307034.04
215,CMD-016,BACR_B_CRMB_LGB,2,3,277754.03904316237,0.0,277754.04
216,CMD-016,BACR_B_CRMB_LGB,2,4,248474.03904316237,0.0,248474.04
217,CMD-016,BACR_B_CRMB_LGB,3,3,282634.03904316237,0.0,282634.04
218,CMD-016,BACR_B_CRMB_LGB,3,4,253354.03904316237,0.0,253354.04
219,CMD-016,BACR_B_CRMB_LGB,4,4,258234.03904316237,0.0,258234.04
220,CMD-017,HDG_CRMA_LGB,1,1,288472.13657294656,0.0,288472.14
221,CMD-017,HDG_CRMA_LGB,1,2,283032.13657294656,0.0,283032.14
222,CMD-017,HDG_CRMA_LGB,1,3,250392.13657294656,0.0,250392.14
223,CMD-017,HDG_CRMA_LGB,1,4,217752.13657294656,0.0,217752.14
224,CMD-017,HDG_CRMA_LGB,2,2,288472.13657294656,0.0,288472.14
225,CMD-017,HDG_CRMA_LGB,2,3,255832.13657294656,0.0,255832.14
226,CMD-017,HDG_CRMA_LGB,2,4,223192.13657294656,0.0,223192.14
227,CMD-017,HDG_CRMA_LGB,3,3,261272.13657294656,0.0,261272.14
228,CMD-017,HDG_CRMA_LGB,3,4,228632.13657294656,0.0,228632.14
229,CMD-017,HDG_CRMA_LGB,4,4,234072.13657294656,0.0,234072.14
230,CMD-017,HDG_CRMB_LGB,1,1,295781.51692159363,1.0,295781.52
231,CMD-017,HDG_CRMB_LGB,1,2,290341.51692159363,0.0,290341.52
232,CMD-017,HDG_CRMB_LGB,1,3,257701.51692159363,0.0,257701.52
233,CMD-017,HDG_CRMB_LGB,1,4,225061.51692159363,0.0,225061.52
234,CMD-017,HDG_CRMB_LGB,2,2,295781.51692159363,0.0,295781.52
235,CMD-017,HDG_CRMB_LGB,2,3,263141.51692159363,0.0,263141.52
236,CMD-017,HDG_CRMB_LGB,2,4,230501.51692159363,0.0,230501.52
237,CMD-017,HDG_CRMB_LGB,3,3,268581.51692159363,0.0,268581.52
238,CMD-017,HDG_CRMB_LGB,3,4,235941.51692159363,0.0,235941.52
239,CMD-017,HDG_CRMB_LGB,4,4,241381.51692159363,0.0,241381.52
240,CMD-018,HDG_CRMA_LGB,1,1,332929.1391655857,0.0,332929.14
241,CMD-018,HDG_CRMA_LGB,1,2,326169.1391655857,0.0,326169.14
242,CMD-018,HDG_CRMA_LGB,1,3,285609.1391655857,0.0,285609.14
243,CMD-018,HDG_CRMA_LGB,1,4,245049.1391655857,0.0,245049.14
244,CMD-018,HDG_CRMA_LGB,2,2,332929.1391655857,0.0,332929.14
245,CMD-018,HDG_CRMA_LGB,2,3,292369.1391655857,0.0,292369.14
246,CMD-018,HDG_CRMA_LGB,2,4,251809.1391655857,0.0,251809.14
247,CMD-018,HDG_CRMA_LGB,3,3,299129.1391655857,0.0,299129.14
248,CMD-018,HDG_CRMA_LGB,3,4,258569.1391655857,0.0,258569.14
249,CMD-018,HDG_CRMA_LGB,4,4,265329.1391655857,0.0,265329.14
250,CMD-018,HDG_CRMB_LGB,1,1,341984.2204558338,1.0,341984.22
251,CMD-018,HDG_CRMB_LGB,1,2,335224.2204558338,0.0,335224.22
252,CMD-018,HDG_CRMB_LGB,1,3,294664.2204558338,0.0,294664.22
253,CMD-018,HDG_CRMB_LGB,1,4,254104.22045583383,0.0,254104.22
254,CMD-018,HDG_CRMB_LGB,2,2,341984.2204558338,0.0,341984.22
255,CMD-018,HDG_CRMB_LGB,2,3,301424.2204558338,0.0,301424.22
256,CMD-018,HDG_CRMB_LGB,2,4,260864.22045583383,0.0,260864.22
257,CMD-018,HDG_CRMB_LGB,3,3,308184.2204558338,0.0,308184.22
258,CMD-018,HDG_CRMB_LGB,3,4,267624.2204558338,0.0,267624.22
259,CMD-018,HDG_CRMB_LGB,4,4,274384.2204558338,0.0,274384.22
260,CMD-019,HDG_CRMA_LGB,1,1,333894.45598756376,0.0,333894.46
261,CMD-019,HDG_CRMA_LGB,1,2,327934.45598756376,0.0,327934.46
262,CMD-019,HDG_CRMA_LGB,1,3,292174.45598756376,0.0,292174.46
263,CMD-019,HDG_CRMA_LGB,1,4,256414.45598756376,0.0,256414.46
264,CMD-019,HDG_CRMA_LGB,2,2,333894.45598756376,0.0,333894.46
265,CMD-019,HDG_CRMA_LGB,2,3,298134.45598756376,0.0,298134.46
266,CMD-019,HDG_CRMA_LGB,2,4,262374.45598756376,0.0,262374.46
267,CMD-019,HDG_CRMA_LGB,3,3,304094.45598756376,0.0,304094.46
268,CMD-019,HDG_CRMA_LGB,3,4,268334.45598756376,0.0,268334.46
269,CMD-019,HDG_CRMA_LGB,4,4,274294.45598756376,0.0,274294.46
270,CMD-019,HDG_CRMB_LGB,1,1,341048.4567190439,1.0,341048.46
271,CMD-019,HDG_CRMB_LGB,1,2,335088.4567190439,0.0,335088.46
272,CMD-019,HDG_CRMB_LGB,1,3,299328.4567190439,0.0,299328.46
273,CMD-019,HDG_CRMB_LGB,1,4,263568.4567190439,0.0,263568.46
274,CMD-019,HDG_CRMB_LGB,2,2,341048.4567190439,0.0,341048.46
275,CMD-019,HDG_CRMB_LGB,2,3,305288.4567190439,0.0,305288.46
276,CMD-019,HDG_CRMB_LGB,2,4,269528.4567190439,0.0,269528.46
277,CMD-019,HDG_CRMB_LGB,3,3,311248.4567190439,0.0,311248.46
278,CMD-019,HDG_CRMB_LGB,3,4,275488.4567190439,0.0,275488.46
279,CMD-019,HDG_CRMB_LGB,4,4,281448.4567190439,0.0,281448.46
280,CMD-020,PPGI_CRMA_LGA,1,1,812520.6751483897,0.0,812520.68
281,CMD-020,PPGI_CRMA_LGA,1,2,804800.6751483897,0.0,804800.68
282,CMD-020,PPGI_CRMA_LGA,1,3,758480.6751483897,0.0,758480.68
283,CMD-020,PPGI_CRMA_LGA,1,4,712160.6751483897,0.0,712160.68
284,CMD-020,PPGI_CRMA_LGA,2,2,812520.6751483897,0.0,812520.68
285,CMD-020,PPGI_CRMA_LGA,2,3,766200.6751483897,0.0,766200.68
286,CMD-020,PPGI_CRMA_LGA,2,4,719880.6751483897,0.0,719880.68
287,CMD-020,PPGI_CRMA_LGA,3,3,773920.6751483897,0.0,773920.68
288,CMD-020,PPGI_CRMA_LGA,3,4,727600.6751483897,0.0,727600.68
289,CMD-020,PPGI_CRMA_LGA,4,4,735320.6751483897,0.0,735320.68
290,CMD-020,PPGI_CRMB_LGA,1,1,822261.3636280973,0.0,822261.36
291,CMD-020,PPGI_CRMB_LGA,1,2,814541.3636280973,0.0,814541.36
292,CMD-020,PPGI_CRMB_LGA,1,3,768221.3636280973,0.0,768221.36
293,CMD-020,PPGI_CRMB_LGA,1,4,721901.3636280973,0.0,721901.36
294,CMD-020,PPGI_CRMB_LGA,2,2,822261.3636280973,1.0,822261.36
295,CMD-020,PPGI_CRMB_LGA,2,3,775941.3636280973,0.0,775941.36
296,CMD-020,PPGI_CRMB_LGA,2,4,729621.3636280973,0.0,729621.36
297,CMD-020,PPGI_CRMB_LGA,3,3,783661.3636280973,0.0,783661.36
298,CMD-020,PPGI_CRMB_LGA,3,4,737341.3636280973,0.0,737341.36
299,CMD-020,PPGI_CRMB_LGA,4,4,745061.3636280973,0.0,745061.36
300,CMD-021,CRC_CRMB_BAF_SKP,1,1,336255.53290903865,0.0,336255.53
301,CMD-021,CRC_CRMB_BAF_SKP,1,2,330135.53290903865,0.0,326310.53
302,CMD-021,CRC_CRMB_BAF_SKP,1,3,293415.53290903865,0.0,285765.53
303,CMD-021,CRC_CRMB_BAF_SKP,1,4,256695.53290903865,0.0,245220.53
304,CMD-021,CRC_CRMB_BAF_SKP,2,2,336255.53290903865,0.0,336255.53
305,CMD-021,CRC_CRMB_BAF_SKP,2,3,299535.53290903865,0.0,295710.53
306,CMD-021,CRC_CRMB_BAF_SKP,2,4,262815.53290903865,0.0,255165.53
307,CMD-021,CRC_CRMB_BAF_SKP,3,3,305655.53290903865,0.0,305655.53
308,CMD-021,CRC_CRMB_BAF_SKP,3,4,268935.53290903865,0.0,265110.53
309,CMD-021,CRC_CRMB_BAF_SKP,4,4,275055.53290903865,0.0,275055.53
310,CMD-022,HDG_CRMA_LGA,1,1,698404.1665715507,0.0,698404.17
311,CMD-022,HDG_CRMA_LGA,1,2,686804.1665715507,0.0,686804.17
312,CMD-022,HDG_CRMA_LGA,1,3,617204.1665715507,0.0,617204.17
313,CMD-022,HDG_CRMA_LGA,1,4,547604.1665715507,0.0,547604.17
314,CMD-022,HDG_CRMA_LGA,2,2,698404.1665715507,0.0,698404.17
315,CMD-022,HDG_CRMA_LGA,2,3,628804.1665715507,0.0,628804.17
316,CMD-022,HDG_CRMA_LGA,2,4,559204.1665715507,0.0,559204.17
317,CMD-022,HDG_CRMA_LGA,3,3,640404.1665715507,0.0,640404.17
318,CMD-022,HDG_CRMA_LGA,3,4,570804.1665715507,0.0,570804.17
319,CMD-022,HDG_CRMA_LGA,4,4,582404.1665715507,0.0,582404.17
320,CMD-022,HDG_CRMB_LGA,1,1,712570.1575855138,0.0,712570.16
321,CMD-022,HDG_CRMB_LGA,1,2,700970.1575855138,0.0,700970.16
322,CMD-022,HDG_CRMB_LGA,1,3,631370.1575855138,0.0,631370.16
323,CMD-022,HDG_CRMB_LGA,1,4,561770.1575855138,0.0,561770.16
324,CMD-022,HDG_CRMB_LGA,2,2,712570.1575855138,0.0,712570.16
325,CMD-022,HDG_CRMB_LGA,2,3,642970.1575855138,0.0,642970.16
326,CMD-022,HDG_CRMB_LGA,2,4,573370.1575855138,0.0,573370.16
327,CMD-022,HDG_CRMB_LGA,3,3,654570.1575855138,1.0,654570.16
328,CMD-022,HDG_CRMB_LGA,3,4,584970.1575855138,0.0,584970.16
329,CMD-022,HDG_CRMB_LGA,4,4,596570.1575855138,0.0,596570.16
330,CMD-023,CRC_CRMB_BAF_SKP,1,1,396708.09756700747,0.0,396708.1
331,CMD-023,CRC_CRMB_BAF_SKP,1,2,387708.09756700747,0.0,382083.1
332,CMD-023,CRC_CRMB_BAF_SKP,1,3,333708.09756700747,0.0,322458.1
333,CMD-023,CRC_CRMB_BAF_SKP,1,4,279708.09756700747,0.0,262833.1
334,CMD-023,CRC_CRMB_BAF_SKP,2,2,396708.09756700747,0.0,396708.1
335,CMD-023,CRC_CRMB_BAF_SKP,2,3,342708.09756700747,0.0,337083.1
336,CMD-023,CRC_CRMB_BAF_SKP,2,4,288708.09756700747,0.0,277458.1
337,CMD-023,CRC_CRMB_BAF_SKP,3,3,351708.09756700747,0.0,351708.1
338,CMD-023,CRC_CRMB_BAF_SKP,3,4,297708.09756700747,0.0,292083.1
339,CMD-023,CRC_CRMB_BAF_SKP,4,4,306708.09756700747,0.0,306708.1
340,CMD-024,HDG_CRMA_LGB,1,1,275429.78615020233,0.0,275429.79
341,CMD-024,HDG_CRMA_LGB,1,2,269669.78615020233,0.0,269669.79
342,CMD-024,HDG_CRMA_LGB,1,3,235109.78615020233,0.0,235109.79
343,CMD-024,HDG_CRMA_LGB,1,4,200549.78615020233,0.0,200549.79
344,CMD-024,HDG_CRMA_LGB,2,2,275429.78615020233,0.0,275429.79
345,CMD-024,HDG_CRMA_LGB,2,3,240869.78615020233,0.0,240869.79
346,CMD-024,HDG_CRMA_LGB,2,4,206309.78615020233,0.0,206309.79
347,CMD-024,HDG_CRMA_LGB,3,3,246629.78615020233,0.0,246629.79
348,CMD-024,HDG_CRMA_LGB,3,4,212069.78615020233,0.0,212069.79
349,CMD-024,HDG_CRMA_LGB,4,4,217829.78615020233,0.0,217829.79
350,CMD-024,HDG_CRMB_LGB,1,1,281756.5761619076,1.0,281756.58
351,CMD-024,HDG_CRMB_LGB,1,2,275996.5761619076,0.0,275996.58
352,CMD-024,HDG_CRMB_LGB,1,3,241436.57616190758,0.0,241436.58
353,CMD-024,HDG_CRMB_LGB,1,4,206876.57616190758,0.0,206876.58
354,CMD-024,HDG_CRMB_LGB,2,2,281756.5761619076,0.0,281756.58
355,CMD-024,HDG_CRMB_LGB,2,3,247196.57616190758,0.0,247196.58
356,CMD-024,HDG_CRMB_LGB,2,4,212636.57616190758,0.0,212636.58
357,CMD-024,HDG_CRMB_LGB,3,3,252956.57616190758,0.0,252956.58
358,CMD-024,HDG_CRMB_LGB,3,4,218396.57616190758,0.0,218396.58
359,CMD-024,HDG_CRMB_LGB,4,4,224156.57616190758,0.0,224156.58
360,CMD-025,HDG_CRMA_LGA,1,1,159645.85115911288,0.0,159645.85
361,CMD-025,HDG_CRMA_LGA,1,2,156445.85115911288,0.0,156445.85
362,CMD-025,HDG_CRMA_LGA,1,3,137245.85115911288,0.0,137245.85
363,CMD-025,HDG_CRMA_LGA,1,4,118045.85115911288,0.0,118045.85
364,CMD-025,HDG_CRMA_LGA,2,2,159645.85115911288,0.0,159645.85
365,CMD-025,HDG_CRMA_LGA,2,3,140445.85115911288,0.0,140445.85
366,CMD-025,HDG_CRMA_LGA,2,4,121245.85115911288,0.0,121245.85
367,CMD-025,HDG_CRMA_LGA,3,3,143645.85115911288,0.0,143645.85
368,CMD-025,HDG_CRMA_LGA,3,4,124445.85115911288,0.0,124445.85
369,CMD-025,HDG_CRMA_LGA,4,4,127645.85115911288,0.0,127645.85
370,CMD-025,HDG_CRMB_LGA,1,1,163623.94154614516,0.0,163623.94
371,CMD-025,HDG_CRMB_LGA,1,2,160423.94154614516,0.0,160423.94
372,CMD-025,HDG_CRMB_LGA,1,3,141223.94154614516,0.0,141223.94
373,CMD-025,HDG_CRMB_LGA,1,4,122023.94154614516,0.0,122023.94
374,CMD-025,HDG_CRMB_LGA,2,2,163623.94154614516,0.0,163623.94
375,CMD-025,HDG_CRMB_LGA,2,3,144423.94154614516,0.0,144423.94
376,CMD-025,HDG_CRMB_LGA,2,4,125223.94154614516,0.0,125223.94
377,CMD-025,HDG_CRMB_LGA,3,3,147623.94154614516,0.0,147623.94
378,CMD-025,HDG_CRMB_LGA,3,4,128423.94154614516,0.0,128423.94
379,CMD-025,HDG_CRMB_LGA,4,4,131623.94154614516,0.0,131623.94
380,CMD-026,HDG_CRMA_LGB,1,1,176622.53710871696,0.0,176622.54
381,CMD-026,HDG_CRMA_LGB,1,2,173022.53710871696,0.0,173022.54
382,CMD-026,HDG_CRMA_LGB,1,3,169422.53710871696,0.0,169422.54
383,CMD-026,HDG_CRMA_LGB,1,4,165822.53710871696,0.0,165822.54
384,CMD-026,HDG_CRMA_LGB,2,2,176622.53710871696,0.0,176622.54
385,CMD-026,HDG_CRMA_LGB,2,3,173022.53710871696,0.0,173022.54
386,CMD-026,HDG_CRMA_LGB,2,4,169422.53710871696,0.0,169422.54
387,CMD-026,HDG_CRMA_LGB,3,3,176622.53710871696,0.0,176622.54
388,CMD-026,HDG_CRMA_LGB,3,4,173022.53710871696,0.0,173022.54
389,CMD-026,HDG_CRMA_LGB,4,4,176622.53710871696,0.0,176622.54
390,CMD-026,HDG_CRMB_LGB,1,1,180510.27682519396,0.0,180510.28
391,CMD-026,HDG_CRMB_LGB,1,2,176910.27682519396,0.0,176910.28
392,CMD-026,HDG_CRMB_LGB,1,3,173310.27682519396,0.0,173310.28
393,CMD-026,HDG_CRMB_LGB,1,4,169710.27682519396,0.0,169710.28
394,CMD-026,HDG_CRMB_LGB,2,2,180510.27682519396,0.0,180510.28
395,CMD-026,HDG_CRMB_LGB,2,3,176910.27682519396,0.0,176910.28
396,CMD-026,HDG_CRMB_LGB,2,4,173310.27682519396,0.0,173310.28
397,CMD-026,HDG_CRMB_LGB,3,3,180510.27682519396,1.0,180510.28
398,CMD-026,HDG_CRMB_LGB,3,4,176910.27682519396,0.0,176910.28
399,CMD-026,HDG_CRMB_LGB,4,4,180510.27682519396,0.0,180510.28
400,CMD-027,BACR_A_CRMB_BAF_LGB,1,1,68203.72493594298,0.0,68203.725
401,CMD-027,BACR_A_CRMB_BAF_LGB,1,2,66563.72493594298,0.0,66563.725
402,CMD-027,BACR_A_CRMB_BAF_LGB,1,3,64923.724935942984,0.0,64923.725
403,CMD-027,BACR_A_CRMB_BAF_LGB,1,4,63283.724935942984,0.0,63283.725
404,CMD-027,BACR_A_CRMB_BAF_LGB,2,2,68203.72493594298,0.0,68203.725
405,CMD-027,BACR_A_CRMB_BAF_LGB,2,3,66563.72493594298,0.0,66563.725
406,CMD-027,BACR_A_CRMB_BAF_LGB,2,4,64923.724935942984,0.0,64923.725
407,CMD-027,BACR_A_CRMB_BAF_LGB,3,3,68203.72493594298,0.0,68203.725
408,CMD-027,BACR_A_CRMB_BAF_LGB,3,4,66563.72493594298,0.0,66563.725
409,CMD-027,BACR_A_CRMB_BAF_LGB,4,4,68203.72493594298,0.0,68203.725
410,CMD-027,BACR_B_CRMA_LGB,1,1,78981.77660843938,0.0,78981.777
411,CMD-027,BACR_B_CRMA_LGB,1,2,77341.77660843938,0.0,77341.777
412,CMD-027,BACR_B_CRMA_LGB,1,3,75701.77660843938,0.0,75701.777
413,CMD-027,BACR_B_CRMA_LGB,1,4,74061.77660843938,0.0,74061.777
414,CMD-027,BACR_B_CRMA_LGB,2,2,78981.77660843938,0.0,78981.777
415,CMD-027,BACR_B_CRMA_LGB,2,3,77341.77660843938,0.0,77341.777
416,CMD-027,BACR_B_CRMA_LGB,2,4,75701.77660843938,0.0,75701.777
417,CMD-027,BACR_B_CRMA_LGB,3,3,78981.77660843938,0.0,78981.777
418,CMD-027,BACR_B_CRMA_LGB,3,4,77341.77660843938,0.0,77341.777
419,CMD-027,BACR_B_CRMA_LGB,4,4,78981.77660843938,0.0,78981.777
420,CMD-027,BACR_B_CRMB_LGB,1,1,81197.96619184675,0.0,81197.966
421,CMD-027,BACR_B_CRMB_LGB,1,2,79557.96619184675,0.0,79557.966
422,CMD-027,BACR_B_CRMB_LGB,1,3,77917.96619184675,0.0,77917.966
423,CMD-027,BACR_B_CRMB_LGB,1,4,76277.96619184675,0.0,76277.966
424,CMD-027,BACR_B_CRMB_LGB,2,2,81197.96619184675,0.0,81197.966
425,CMD-027,BACR_B_CRMB_LGB,2,3,79557.96619184675,0.0,79557.966
426,CMD-027,BACR_B_CRMB_LGB,2,4,77917.96619184675,0.0,77917.966
427,CMD-027,BACR_B_CRMB_LGB,3,3,81197.96619184675,0.0,81197.966
428,CMD-027,BACR_B_CRMB_LGB,3,4,79557.96619184675,0.0,79557.966
429,CMD-027,BACR_B_CRMB_LGB,4,4,81197.96619184675,0.0,81197.966
430,CMD-028,PPGI_CRMA_LGA,1,1,529385.063246223,0.0,529385.06
431,CMD-028,PPGI_CRMA_LGA,1,2,524025.063246223,0.0,524025.06
432,CMD-028,PPGI_CRMA_LGA,1,3,518665.063246223,0.0,518665.06
433,CMD-028,PPGI_CRMA_LGA,1,4,513305.063246223,0.0,513305.06
434,CMD-028,PPGI_CRMA_LGA,2,2,529385.063246223,0.0,529385.06
435,CMD-028,PPGI_CRMA_LGA,2,3,524025.063246223,0.0,524025.06
436,CMD-028,PPGI_CRMA_LGA,2,4,518665.063246223,0.0,518665.06
437,CMD-028,PPGI_CRMA_LGA,3,3,529385.063246223,0.0,529385.06
438,CMD-028,PPGI_CRMA_LGA,3,4,524025.063246223,0.0,524025.06
439,CMD-028,PPGI_CRMA_LGA,4,4,529385.063246223,0.0,529385.06
440,CMD-028,PPGI_CRMB_LGA,1,1,535984.4138556833,0.0,535984.41
441,CMD-028,PPGI_CRMB_LGA,1,2,530624.4138556833,0.0,530624.41
442,CMD-028,PPGI_CRMB_LGA,1,3,525264.4138556833,0.0,525264.41
443,CMD-028,PPGI_CRMB_LGA,1,4,519904.4138556833,0.0,519904.41
444,CMD-028,PPGI_CRMB_LGA,2,2,535984.4138556833,1.0,535984.41
445,CMD-028,PPGI_CRMB_LGA,2,3,530624.4138556833,0.0,530624.41
446,CMD-028,PPGI_CRMB_LGA,2,4,525264.4138556833,0.0,525264.41
447,CMD-028,PPGI_CRMB_LGA,3,3,535984.4138556833,0.0,535984.41
448,CMD-028,PPGI_CRMB_LGA,3,4,530624.4138556833,0.0,530624.41
449,CMD-028,PPGI_CRMB_LGA,4,4,535984.4138556833,0.0,535984.41
450,CMD-029,BACR_B_CRMA_LGA,1,1,90847.08992092778,0.0,90847.09
451,CMD-029,BACR_B_CRMA_LGA,1,2,89247.08992092778,0.0,89247.09
452,CMD-029,BACR_B_CRMA_LGA,1,3,87647.08992092778,0.0,87647.09
453,CMD-029,BACR_B_CRMA_LGA,1,4,86047.08992092778,0.0,86047.09
454,CMD-029,BACR_B_CRMA_LGA,2,2,90847.08992092778,0.0,90847.09
455,CMD-029,BACR_B_CRMA_LGA,2,3,89247.08992092778,0.0,89247.09
456,CMD-029,BACR_B_CRMA_LGA,2,4,87647.08992092778,0.0,87647.09
457,CMD-029,BACR_B_CRMA_LGA,3,3,90847.08992092778,0.0,90847.09
458,CMD-029,BACR_B_CRMA_LGA,3,4,89247.08992092778,0.0,89247.09
459,CMD-029,BACR_B_CRMA_LGA,4,4,90847.08992092778,0.0,90847.09
460,CMD-029,BACR_B_CRMB_LGA,1,1,92822.71562334815,0.0,92822.716
461,CMD-029,BACR_B_CRMB_LGA,1,2,91222.71562334815,0.0,91222.716
462,CMD-029,BACR_B_CRMB_LGA,1,3,89622.71562334815,0.0,89622.716
463,CMD-029,BACR_B_CRMB_LGA,1,4,88022.71562334815,0.0,88022.716
464,CMD-029,BACR_B_CRMB_LGA,2,2,92822.71562334815,0.0,92822.716
465,CMD-029,BACR_B_CRMB_LGA,2,3,91222.71562334815,0.0,91222.716
466,CMD-029,BACR_B_CRMB_LGA,2,4,89622.71562334815,0.0,89622.716
467,CMD-029,BACR_B_CRMB_LGA,3,3,92822.71562334815,0.0,92822.716
468,CMD-029,BACR_B_CRMB_LGA,3,4,91222.71562334815,0.0,91222.716
469,CMD-029,BACR_B_CRMB_LGA,4,4,92822.71562334815,0.0,92822.716
470,CMD-030,CRC_CRMB_BAF_SKP,1,1,118667.02473362937,0.0,118667.02
471,CMD-030,CRC_CRMB_BAF_SKP,1,2,115187.02473362937,0.0,113012.02
472,CMD-030,CRC_CRMB_BAF_SKP,1,3,111707.02473362937,0.0,107357.02
473,CMD-030,CRC_CRMB_BAF_SKP,1,4,108227.02473362937,0.0,101702.02
474,CMD-030,CRC_CRMB_BAF_SKP,2,2,118667.02473362937,0.0,118667.02
475,CMD-030,CRC_CRMB_BAF_SKP,2,3,115187.02473362937,0.0,113012.02
476,CMD-030,CRC_CRMB_BAF_SKP,2,4,111707.02473362937,0.0,107357.02
477,CMD-030,CRC_CRMB_BAF_SKP,3,3,118667.02473362937,0.0,118667.02
478,CMD-030,CRC_CRMB_BAF_SKP,3,4,115187.02473362937,0.0,113012.02
479,CMD-030,CRC_CRMB_BAF_SKP,4,4,118667.02473362937,0.0,118667.02
480,CMD-031,CRC_CRMB_BAF_SKP,1,1,223361.94607387256,0.0,223361.95
481,CMD-031,CRC_CRMB_BAF_SKP,1,2,218121.94607387256,0.0,214846.95
482,CMD-031,CRC_CRMB_BAF_SKP,1,3,212881.94607387256,0.0,206331.95
483,CMD-031,CRC_CRMB_BAF_SKP,1,4,207641.94607387256,0.0,197816.95
484,CMD-031,CRC_CRMB_BAF_SKP,2,2,223361.94607387256,0.0,223361.95
485,CMD-031,CRC_CRMB_BAF_SKP,2,3,218121.94607387256,0.0,214846.95
486,CMD-031,CRC_CRMB_BAF_SKP,2,4,212881.94607387256,0.0,206331.95
487,CMD-031,CRC_CRMB_BAF_SKP,3,3,223361.94607387256,0.0,223361.95
488,CMD-031,CRC_CRMB_BAF_SKP,3,4,218121.94607387256,0.0,214846.95
489,CMD-031,CRC_CRMB_BAF_SKP,4,4,223361.94607387256,0.0,223361.95
490,CMD-032,CRC_CRMB_BAF_SKP,1,1,1072461.4794958124,0.0,1072461.5
491,CMD-032,CRC_CRMB_BAF_SKP,1,2,1049421.4794958124,0.0,1035021.5
492,CMD-032,CRC_CRMB_BAF_SKP,1,3,1026381.4794958124,0.0,997581.48
493,CMD-032,CRC_CRMB_BAF_SKP,1,4,715341.4794958124,0.0,672141.48
494,CMD-032,CRC_CRMB_BAF_SKP,2,2,1072461.4794958124,0.0,1072461.5
495,CMD-032,CRC_CRMB_BAF_SKP,2,3,1049421.4794958124,0.0,1035021.5
496,CMD-032,CRC_CRMB_BAF_SKP,2,4,738381.4794958124,0.0,709581.48
497,CMD-032,CRC_CRMB_BAF_SKP,3,3,1072461.4794958124,0.0,1072461.5
498,CMD-032,CRC_CRMB_BAF_SKP,3,4,761421.4794958124,0.0,747021.48
499,CMD-032,CRC_CRMB_BAF_SKP,4,4,784461.4794958124,0.0,784461.48
500,CMD-033,CRC_CRMB_BAF_SKP,1,1,1137657.9242742637,0.0,1137657.9
501,CMD-033,CRC_CRMB_BAF_SKP,1,2,1115057.9242742637,0.0,1100932.9
502,CMD-033,CRC_CRMB_BAF_SKP,1,3,1092457.9242742637,0.0,1064207.9
503,CMD-033,CRC_CRMB_BAF_SKP,1,4,787357.9242742637,0.0,744982.92
504,CMD-033,CRC_CRMB_BAF_SKP,2,2,1137657.9242742637,0.0,1137657.9
505,CMD-033,CRC_CRMB_BAF_SKP,2,3,1115057.9242742637,0.0,1100932.9
506,CMD-033,CRC_CRMB_BAF_SKP,2,4,809957.9242742637,0.0,781707.92
507,CMD-033,CRC_CRMB_BAF_SKP,3,3,1137657.9242742637,0.0,1137657.9
508,CMD-033,CRC_CRMB_BAF_SKP,3,4,832557.9242742637,0.0,818432.92
509,CMD-033,CRC_CRMB_BAF_SKP,4,4,855157.9242742637,0.0,855157.92
510,CMD-034,CRC_CRMB_BAF_SKP,1,1,809486.3122115466,0.0,809486.31
511,CMD-034,CRC_CRMB_BAF_SKP,1,2,794566.3122115466,0.0,785241.31
512,CMD-034,CRC_CRMB_BAF_SKP,1,3,779646.3122115466,0.0,760996.31
513,CMD-034,CRC_CRMB_BAF_SKP,1,4,578226.3122115466,0.0,550251.31
514,CMD-034,CRC_CRMB_BAF_SKP,2,2,809486.3122115466,0.0,809486.31
515,CMD-034,CRC_CRMB_BAF_SKP,2,3,794566.3122115466,0.0,785241.31
516,CMD-034,CRC_CRMB_BAF_SKP,2,4,593146.3122115466,0.0,574496.31
517,CMD-034,CRC_CRMB_BAF_SKP,3,3,809486.3122115466,0.0,809486.31
518,CMD-034,CRC_CRMB_BAF_SKP,3,4,608066.3122115466,0.0,598741.31
519,CMD-034,CRC_CRMB_BAF_SKP,4,4,622986.3122115466,0.0,622986.31
520,CMD-035,HDG_CRMA_LGB,1,1,1238082.167381184,0.0,1238082.2
521,CMD-035,HDG_CRMA_LGB,1,2,1215082.167381184,0.0,1215082.2
522,CMD-035,HDG_CRMA_LGB,1,3,1192082.167381184,0.0,1192082.2
523,CMD-035,HDG_CRMA_LGB,1,4,881582.167381184,0.0,881582.17
524,CMD-035,HDG_CRMA_LGB,2,2,1238082.167381184,0.0,1238082.2
525,CMD-035,HDG_CRMA_LGB,2,3,1215082.167381184,0.0,1215082.2
526,CMD-035,HDG_CRMA_LGB,2,4,904582.167381184,0.0,904582.17
527,CMD-035,HDG_CRMA_LGB,3,3,1238082.167381184,0.0,1238082.2
528,CMD-035,HDG_CRMA_LGB,3,4,927582.167381184,0.0,927582.17
529,CMD-035,HDG_CRMA_LGB,4,4,950582.167381184,0.0,950582.17
530,CMD-035,HDG_CRMB_LGB,1,1,1265887.2359703751,0.0,1265887.2
531,CMD-035,HDG_CRMB_LGB,1,2,1242887.2359703751,0.0,1242887.2
532,CMD-035,HDG_CRMB_LGB,1,3,1219887.2359703751,0.0,1219887.2
533,CMD-035,HDG_CRMB_LGB,1,4,909387.2359703751,0.0,909387.24
534,CMD-035,HDG_CRMB_LGB,2,2,1265887.2359703751,0.0,1265887.2
535,CMD-035,HDG_CRMB_LGB,2,3,1242887.2359703751,0.0,1242887.2
536,CMD-035,HDG_CRMB_LGB,2,4,932387.2359703751,0.0,932387.24
537,CMD-035,HDG_CRMB_LGB,3,3,1265887.2359703751,1.0,1265887.2
538,CMD-035,HDG_CRMB_LGB,3,4,955387.2359703751,0.0,955387.24
539,CMD-035,HDG_CRMB_LGB,4,4,978387.2359703751,0.0,978387.24
540,CMD-036,HRCDEC_PK,1,1,190460.4365482233,0.0,190460.44
541,CMD-036,HRCDEC_PK,1,2,171460.4365482233,0.0,171460.44
542,CMD-036,HRCDEC_PK,1,3,152460.4365482233,0.0,152460.44
543,CMD-036,HRCDEC_PK,1,4,-104039.56345177669,0.0,-104039.56
544,CMD-036,HRCDEC_PK,2,2,190460.4365482233,0.0,190460.44
545,CMD-036,HRCDEC_PK,2,3,171460.4365482233,0.0,171460.44
546,CMD-036,HRCDEC_PK,2,4,-85039.56345177669,0.0,-85039.563
547,CMD-036,HRCDEC_PK,3,3,190460.4365482233,0.0,190460.44
548,CMD-036,HRCDEC_PK,3,4,-66039.56345177669,0.0,-66039.563
549,CMD-036,HRCDEC_PK,4,4,-47039.56345177669,0.0,-47039.563
550,CMD-037,HDG_CRMA_LGB,1,1,340563.29081839806,0.0,340563.29
551,CMD-037,HDG_CRMA_LGB,1,2,334843.29081839806,0.0,334843.29
552,CMD-037,HDG_CRMA_LGB,1,3,329123.29081839806,0.0,329123.29
553,CMD-037,HDG_CRMA_LGB,1,4,294803.29081839806,0.0,294803.29
554,CMD-037,HDG_CRMA_LGB,2,2,340563.29081839806,0.0,340563.29
555,CMD-037,HDG_CRMA_LGB,2,3,334843.29081839806,0.0,334843.29
556,CMD-037,HDG_CRMA_LGB,2,4,300523.29081839806,0.0,300523.29
557,CMD-037,HDG_CRMA_LGB,3,3,340563.29081839806,0.0,340563.29
558,CMD-037,HDG_CRMA_LGB,3,4,306243.29081839806,0.0,306243.29
559,CMD-037,HDG_CRMA_LGB,4,4,311963.29081839806,0.0,311963.29
560,CMD-037,HDG_CRMB_LGB,1,1,347655.6164273101,0.0,347655.62
561,CMD-037,HDG_CRMB_LGB,1,2,341935.6164273101,0.0,341935.62
562,CMD-037,HDG_CRMB_LGB,1,3,336215.6164273101,0.0,336215.62
563,CMD-037,HDG_CRMB_LGB,1,4,301895.6164273101,0.0,301895.62
564,CMD-037,HDG_CRMB_LGB,2,2,347655.6164273101,0.0,347655.62
565,CMD-037,HDG_CRMB_LGB,2,3,341935.6164273101,0.0,341935.62
566,CMD-037,HDG_CRMB_LGB,2,4,307615.6164273101,0.0,307615.62
567,CMD-037,HDG_CRMB_LGB,3,3,347655.6164273101,1.0,347655.62
568,CMD-037,HDG_CRMB_LGB,3,4,313335.6164273101,0.0,313335.62
569,CMD-037,HDG_CRMB_LGB,4,4,319055.6164273101,0.0,319055.62
570,CMD-038,PPGI_CRMA_LGA,1,1,535671.3941653795,0.0,535671.39
571,CMD-038,PPGI_CRMA_LGA,1,2,529911.3941653795,0.0,529911.39
572,CMD-038,PPGI_CRMA_LGA,1,3,524151.39416537946,0.0,524151.39
573,CMD-038,PPGI_CRMA_LGA,1,4,489591.39416537946,0.0,489591.39
574,CMD-038,PPGI_CRMA_LGA,2,2,535671.3941653795,0.0,535671.39
575,CMD-038,PPGI_CRMA_LGA,2,3,529911.3941653795,0.0,529911.39
576,CMD-038,PPGI_CRMA_LGA,2,4,495351.39416537946,0.0,495351.39
577,CMD-038,PPGI_CRMA_LGA,3,3,535671.3941653795,0.0,535671.39
578,CMD-038,PPGI_CRMA_LGA,3,4,501111.39416537946,0.0,501111.39
579,CMD-038,PPGI_CRMA_LGA,4,4,506871.39416537946,0.0,506871.39
580,CMD-038,PPGI_CRMB_LGA,1,1,543479.8579657053,0.0,543479.86
581,CMD-038,PPGI_CRMB_LGA,1,2,537719.8579657053,0.0,537719.86
582,CMD-038,PPGI_CRMB_LGA,1,3,531959.8579657053,0.0,531959.86
583,CMD-038,PPGI_CRMB_LGA,1,4,497399.85796570533,0.0,497399.86
584,CMD-038,PPGI_CRMB_LGA,2,2,543479.8579657053,1.0,543479.86
585,CMD-038,PPGI_CRMB_LGA,2,3,537719.8579657053,0.0,537719.86
586,CMD-038,PPGI_CRMB_LGA,2,4,503159.85796570533,0.0,503159.86
587,CMD-038,PPGI_CRMB_LGA,3,3,543479.8579657053,0.0,543479.86
588,CMD-038,PPGI_CRMB_LGA,3,4,508919.85796570533,0.0,508919.86
589,CMD-038,PPGI_CRMB_LGA,4,4,514679.85796570533,0.0,514679.86
590,CMD-039,HDG_CRMA_LGB,1,1,186165.32810970116,0.0,186165.33
591,CMD-039,HDG_CRMA_LGB,1,2,182485.32810970116,0.0,182485.33
592,CMD-039,HDG_CRMA_LGB,1,3,178805.32810970116,0.0,178805.33
593,CMD-039,HDG_CRMA_LGB,1,4,156725.32810970116,0.0,156725.33
594,CMD-039,HDG_CRMA_LGB,2,2,186165.32810970116,0.0,186165.33
595,CMD-039,HDG_CRMA_LGB,2,3,182485.32810970116,0.0,182485.33
596,CMD-039,HDG_CRMA_LGB,2,4,160405.32810970116,0.0,160405.33
597,CMD-039,HDG_CRMA_LGB,3,3,186165.32810970116,0.0,186165.33
598,CMD-039,HDG_CRMA_LGB,3,4,164085.32810970116,0.0,164085.33
599,CMD-039,HDG_CRMA_LGB,4,4,167765.32810970116,0.0,167765.33
600,CMD-039,HDG_CRMB_LGB,1,1,190614.5382795099,0.0,190614.54
601,CMD-039,HDG_CRMB_LGB,1,2,186934.5382795099,0.0,186934.54
602,CMD-039,HDG_CRMB_LGB,1,3,183254.5382795099,0.0,183254.54
603,CMD-039,HDG_CRMB_LGB,1,4,161174.5382795099,0.0,161174.54
604,CMD-039,HDG_CRMB_LGB,2,2,190614.5382795099,0.0,190614.54
605,CMD-039,HDG_CRMB_LGB,2,3,186934.5382795099,0.0,186934.54
606,CMD-039,HDG_CRMB_LGB,2,4,164854.5382795099,0.0,164854.54
607,CMD-039,HDG_CRMB_LGB,3,3,190614.5382795099,1.0,190614.54
608,CMD-039,HDG_CRMB_LGB,3,4,168534.5382795099,0.0,168534.54
609,CMD-039,HDG_CRMB_LGB,4,4,172214.5382795099,0.0,172214.54
610,CMD-040,HDG_CRMA_LGA,1,1,428695.1655391776,0.0,428695.17
611,CMD-040,HDG_CRMA_LGA,1,2,421815.1655391776,0.0,421815.17
612,CMD-040,HDG_CRMA_LGA,1,3,414935.1655391776,0.0,414935.17
613,CMD-040,HDG_CRMA_LGA,1,4,373655.1655391776,0.0,373655.17
614,CMD-040,HDG_CRMA_LGA,2,2,428695.1655391776,0.0,428695.17
615,CMD-040,HDG_CRMA_LGA,2,3,421815.1655391776,0.0,421815.17
616,CMD-040,HDG_CRMA_LGA,2,4,380535.1655391776,0.0,380535.17
617,CMD-040,HDG_CRMA_LGA,3,3,428695.1655391776,0.0,428695.17
618,CMD-040,HDG_CRMA_LGA,3,4,387415.1655391776,0.0,387415.17
619,CMD-040,HDG_CRMA_LGA,4,4,394295.1655391776,0.0,394295.17
620,CMD-040,HDG_CRMB_LGA,1,1,437357.11950506136,0.0,437357.12
621,CMD-040,HDG_CRMB_LGA,1,2,430477.11950506136,0.0,430477.12
622,CMD-040,HDG_CRMB_LGA,1,3,423597.11950506136,0.0,423597.12
623,CMD-040,HDG_CRMB_LGA,1,4,382317.11950506136,0.0,382317.12
624,CMD-040,HDG_CRMB_LGA,2,2,437357.11950506136,0.0,437357.12
625,CMD-040,HDG_CRMB_LGA,2,3,430477.11950506136,0.0,430477.12
626,CMD-040,HDG_CRMB_LGA,2,4,389197.11950506136,0.0,389197.12
627,CMD-040,HDG_CRMB_LGA,3,3,437357.11950506136,1.0,437357.12
628,CMD-040,HDG_CRMB_LGA,3,4,396077.11950506136,0.0,396077.12
629,CMD-040,HDG_CRMB_LGA,4,4,402957.11950506136,0.0,402957.12
630,CMD-041,CRC_CRMB_BAF_SKP,1,1,370639.44992616004,0.0,370639.45
631,CMD-041,CRC_CRMB_BAF_SKP,1,2,363159.44992616004,0.0,358484.45
632,CMD-041,CRC_CRMB_BAF_SKP,1,3,355679.44992616004,0.0,346329.45
633,CMD-041,CRC_CRMB_BAF_SKP,1,4,310799.44992616004,0.0,296774.45
634,CMD-041,CRC_CRMB_BAF_SKP,2,2,370639.44992616004,0.0,370639.45
635,CMD-041,CRC_CRMB_BAF_SKP,2,3,363159.44992616004,0.0,358484.45
636,CMD-041,CRC_CRMB_BAF_SKP,2,4,318279.44992616004,0.0,308929.45
637,CMD-041,CRC_CRMB_BAF_SKP,3,3,370639.44992616004,0.0,370639.45
638,CMD-041,CRC_CRMB_BAF_SKP,3,4,325759.44992616004,0.0,321084.45
639,CMD-041,CRC_CRMB_BAF_SKP,4,4,333239.44992616004,1.0,333239.45
640,CMD-042,PPGI_CRMA_LGA,1,1,926271.7044595653,0.0,926271.7
641,CMD-042,PPGI_CRMA_LGA,1,2,917391.7044595653,0.0,917391.7
642,CMD-042,PPGI_CRMA_LGA,1,3,908511.7044595653,0.0,908511.7
643,CMD-042,PPGI_CRMA_LGA,1,4,855231.7044595653,0.0,855231.7
644,CMD-042,PPGI_CRMA_LGA,2,2,926271.7044595653,0.0,926271.7
645,CMD-042,PPGI_CRMA_LGA,2,3,917391.7044595653,0.0,917391.7
646,CMD-042,PPGI_CRMA_LGA,2,4,864111.7044595653,0.0,864111.7
647,CMD-042,PPGI_CRMA_LGA,3,3,926271.7044595653,0.0,926271.7
648,CMD-042,PPGI_CRMA_LGA,3,4,872991.7044595653,0.0,872991.7
649,CMD-042,PPGI_CRMA_LGA,4,4,881871.7044595653,0.0,881871.7
650,CMD-042,PPGI_CRMB_LGA,1,1,937102.0490692075,0.0,937102.05
651,CMD-042,PPGI_CRMB_LGA,1,2,928222.0490692075,0.0,928222.05
652,CMD-042,PPGI_CRMB_LGA,1,3,919342.0490692075,0.0,919342.05
653,CMD-042,PPGI_CRMB_LGA,1,4,866062.0490692075,0.0,866062.05
654,CMD-042,PPGI_CRMB_LGA,2,2,937102.0490692075,1.0,937102.05
655,CMD-042,PPGI_CRMB_LGA,2,3,928222.0490692075,0.0,928222.05
656,CMD-042,PPGI_CRMB_LGA,2,4,874942.0490692075,0.0,874942.05
657,CMD-042,PPGI_CRMB_LGA,3,3,937102.0490692075,0.0,937102.05
658,CMD-042,PPGI_CRMB_LGA,3,4,883822.0490692075,0.0,883822.05
659,CMD-042,PPGI_CRMB_LGA,4,4,892702.0490692075,0.0,892702.05
660,CMD-043,CRC_CRMB_BAF_SKP,1,1,226666.9891654115,0.0,226666.99
661,CMD-043,CRC_CRMB_BAF_SKP,1,2,222066.9891654115,0.0,219191.99
662,CMD-043,CRC_CRMB_BAF_SKP,1,3,217466.9891654115,0.0,211716.99
663,CMD-043,CRC_CRMB_BAF_SKP,1,4,189866.9891654115,0.0,181241.99
664,CMD-043,CRC_CRMB_BAF_SKP,2,2,226666.9891654115,0.0,226666.99
665,CMD-043,CRC_CRMB_BAF_SKP,2,3,222066.9891654115,0.0,219191.99
666,CMD-043,CRC_CRMB_BAF_SKP,2,4,194466.9891654115,0.0,188716.99
667,CMD-043,CRC_CRMB_BAF_SKP,3,3,226666.9891654115,0.0,226666.99
668,CMD-043,CRC_CRMB_BAF_SKP,3,4,199066.9891654115,0.0,196191.99
669,CMD-043,CRC_CRMB_BAF_SKP,4,4,203666.9891654115,1.0,203666.99
670,CMD-044,HDG_CRMA_LGB,1,1,634596.9013171945,0.0,634596.9
671,CMD-044,HDG_CRMA_LGB,1,2,623916.9013171945,0.0,623916.9
672,CMD-044,HDG_CRMA_LGB,1,3,613236.9013171945,0.0,613236.9
673,CMD-044,HDG_CRMA_LGB,1,4,549156.9013171945,0.0,549156.9
674,CMD-044,HDG_CRMA_LGB,2,2,634596.9013171945,0.0,634596.9
675,CMD-044,HDG_CRMA_LGB,2,3,623916.9013171945,0.0,623916.9
676,CMD-044,HDG_CRMA_LGB,2,4,559836.9013171945,0.0,559836.9
677,CMD-044,HDG_CRMA_LGB,3,3,634596.9013171945,0.0,634596.9
678,CMD-044,HDG_CRMA_LGB,3,4,570516.9013171945,0.0,570516.9
679,CMD-044,HDG_CRMA_LGB,4,4,581196.9013171945,0.0,581196.9
680,CMD-044,HDG_CRMB_LGB,1,1,647899.8278269537,0.0,647899.83
681,CMD-044,HDG_CRMB_LGB,1,2,637219.8278269537,0.0,637219.83
682,CMD-044,HDG_CRMB_LGB,1,3,626539.8278269537,0.0,626539.83
683,CMD-044,HDG_CRMB_LGB,1,4,562459.8278269537,0.0,562459.83
684,CMD-044,HDG_CRMB_LGB,2,2,647899.8278269537,0.0,647899.83
685,CMD-044,HDG_CRMB_LGB,2,3,637219.8278269537,0.0,637219.83
686,CMD-044,HDG_CRMB_LGB,2,4,573139.8278269537,0.0,573139.83
687,CMD-044,HDG_CRMB_LGB,3,3,647899.8278269537,1.0,647899.83
688,CMD-044,HDG_CRMB_LGB,3,4,583819.8278269537,0.0,583819.83
689,CMD-044,HDG_CRMB_LGB,4,4,594499.8278269537,0.0,594499.83
690,CMD-045,CRC_CRMB_BAF_SKP,1,1,129445.82383582563,0.0,129445.82
691,CMD-045,CRC_CRMB_BAF_SKP,1,2,126365.82383582563,0.0,124440.82
692,CMD-045,CRC_CRMB_BAF_SKP,1,3,123285.82383582563,0.0,119435.82
693,CMD-045,CRC_CRMB_BAF_SKP,1,4,120205.82383582563,0.0,114430.82
694,CMD-045,CRC_CRMB_BAF_SKP,2,2,129445.82383582563,0.0,129445.82
695,CMD-045,CRC_CRMB_BAF_SKP,2,3,126365.82383582563,0.0,124440.82
696,CMD-045,CRC_CRMB_BAF_SKP,2,4,123285.82383582563,0.0,119435.82
697,CMD-045,CRC_CRMB_BAF_SKP,3,3,129445.82383582563,0.0,129445.82
698,CMD-045,CRC_CRMB_BAF_SKP,3,4,126365.82383582563,0.0,124440.82
699,CMD-045,CRC_CRMB_BAF_SKP,4,4,129445.82383582563,0.0,129445.82
700,CMD-046,BACR_A_CRMB_BAF_LGB,1,1,425085.287745452,0.0,425085.29
701,CMD-046,BACR_A_CRMB_BAF_LGB,1,2,416965.287745452,0.0,416965.29
702,CMD-046,BACR_A_CRMB_BAF_LGB,1,3,408845.287745452,0.0,408845.29
703,CMD-046,BACR_A_CRMB_BAF_LGB,1,4,400725.287745452,0.0,400725.29
704,CMD-046,BACR_A_CRMB_BAF_LGB,2,2,425085.287745452,0.0,425085.29
705,CMD-046,BACR_A_CRMB_BAF_LGB,2,3,416965.287745452,0.0,416965.29
706,CMD-046,BACR_A_CRMB_BAF_LGB,2,4,408845.287745452,0.0,408845.29
707,CMD-046,BACR_A_CRMB_BAF_LGB,3,3,425085.287745452,0.0,425085.29
708,CMD-046,BACR_A_CRMB_BAF_LGB,3,4,416965.287745452,0.0,416965.29
709,CMD-046,BACR_A_CRMB_BAF_LGB,4,4,425085.287745452,0.0,425085.29
710,CMD-046,BACR_B_CRMA_LGB,1,1,477578.1369737223,0.0,477578.14
711,CMD-046,BACR_B_CRMA_LGB,1,2,469458.1369737223,0.0,469458.14
712,CMD-046,BACR_B_CRMA_LGB,1,3,461338.1369737223,0.0,461338.14
713,CMD-046,BACR_B_CRMA_LGB,1,4,453218.1369737223,0.0,453218.14
714,CMD-046,BACR_B_CRMA_LGB,2,2,477578.1369737223,0.0,477578.14
715,CMD-046,BACR_B_CRMA_LGB,2,3,469458.1369737223,0.0,469458.14
716,CMD-046,BACR_B_CRMA_LGB,2,4,461338.1369737223,0.0,461338.14
717,CMD-046,BACR_B_CRMA_LGB,3,3,477578.1369737223,0.0,477578.14
718,CMD-046,BACR_B_CRMA_LGB,3,4,469458.1369737223,0.0,469458.14
719,CMD-046,BACR_B_CRMA_LGB,4,4,477578.1369737223,0.0,477578.14
720,CMD-046,BACR_B_CRMB_LGB,1,1,487304.70785747125,0.0,487304.71
721,CMD-046,BACR_B_CRMB_LGB,1,2,479184.70785747125,0.0,479184.71
722,CMD-046,BACR_B_CRMB_LGB,1,3,471064.70785747125,0.0,471064.71
723,CMD-046,BACR_B_CRMB_LGB,1,4,462944.70785747125,0.0,462944.71
724,CMD-046,BACR_B_CRMB_LGB,2,2,487304.70785747125,0.0,487304.71
725,CMD-046,BACR_B_CRMB_LGB,2,3,479184.70785747125,0.0,479184.71
726,CMD-046,BACR_B_CRMB_LGB,2,4,471064.70785747125,0.0,471064.71
727,CMD-046,BACR_B_CRMB_LGB,3,3,487304.70785747125,0.0,487304.71
728,CMD-046,BACR_B_CRMB_LGB,3,4,479184.70785747125,0.0,479184.71
729,CMD-046,BACR_B_CRMB_LGB,4,4,487304.70785747125,0.0,487304.71
730,CMD-047,CRC_CRMB_BAF_SKP,1,1,350167.5154033557,0.0,350167.52
731,CMD-047,CRC_CRMB_BAF_SKP,1,2,342807.5154033557,0.0,338207.52
732,CMD-047,CRC_CRMB_BAF_SKP,1,3,335447.5154033557,0.0,326247.52
733,CMD-047,CRC_CRMB_BAF_SKP,1,4,328087.5154033557,0.0,314287.52
734,CMD-047,CRC_CRMB_BAF_SKP,2,2,350167.5154033557,0.0,350167.52
735,CMD-047,CRC_CRMB_BAF_SKP,2,3,342807.5154033557,0.0,338207.52
736,CMD-047,CRC_CRMB_BAF_SKP,2,4,335447.5154033557,0.0,326247.52
737,CMD-047,CRC_CRMB_BAF_SKP,3,3,350167.5154033557,0.0,350167.52
738,CMD-047,CRC_CRMB_BAF_SKP,3,4,342807.5154033557,0.0,338207.52
739,CMD-047,CRC_CRMB_BAF_SKP,4,4,350167.5154033557,0.0,350167.52
740,CMD-048,CRC_CRMB_BAF_SKP,1,1,137444.80887438802,0.0,137444.81
741,CMD-048,CRC_CRMB_BAF_SKP,1,2,134364.80887438802,0.0,132439.81
742,CMD-048,CRC_CRMB_BAF_SKP,1,3,131284.80887438802,0.0,127434.81
743,CMD-048,CRC_CRMB_BAF_SKP,1,4,128204.80887438802,0.0,122429.81
744,CMD-048,CRC_CRMB_BAF_SKP,2,2,137444.80887438802,0.0,137444.81
745,CMD-048,CRC_CRMB_BAF_SKP,2,3,134364.80887438802,0.0,132439.81
746,CMD-048,CRC_CRMB_BAF_SKP,2,4,131284.80887438802,0.0,127434.81
747,CMD-048,CRC_CRMB_BAF_SKP,3,3,137444.80887438802,0.0,137444.81
748,CMD-048,CRC_CRMB_BAF_SKP,3,4,134364.80887438802,0.0,132439.81
749,CMD-048,CRC_CRMB_BAF_SKP,4,4,137444.80887438802,1.0,137444.81
750,CMD-049,HDG_CRMA_LGA,1,1,1621918.6841008076,0.0,1621918.7
751,CMD-049,HDG_CRMA_LGA,1,2,1592278.6841008076,0.0,1592278.7
752,CMD-049,HDG_CRMA_LGA,1,3,1562638.6841008076,0.0,1562638.7
753,CMD-049,HDG_CRMA_LGA,1,4,1532998.6841008076,0.0,1532998.7
754,CMD-049,HDG_CRMA_LGA,2,2,1621918.6841008076,0.0,1621918.7
755,CMD-049,HDG_CRMA_LGA,2,3,1592278.6841008076,0.0,1592278.7
756,CMD-049,HDG_CRMA_LGA,2,4,1562638.6841008076,0.0,1562638.7
757,CMD-049,HDG_CRMA_LGA,3,3,1621918.6841008076,0.0,1621918.7
758,CMD-049,HDG_CRMA_LGA,3,4,1592278.6841008076,0.0,1592278.7
759,CMD-049,HDG_CRMA_LGA,4,4,1621918.6841008076,0.0,1621918.7
760,CMD-049,HDG_CRMB_LGA,1,1,1657789.2891819435,0.0,1657789.3
761,CMD-049,HDG_CRMB_LGA,1,2,1628149.2891819435,0.0,1628149.3
762,CMD-049,HDG_CRMB_LGA,1,3,1598509.2891819435,0.0,1598509.3
763,CMD-049,HDG_CRMB_LGA,1,4,1568869.2891819435,0.0,1568869.3
764,CMD-049,HDG_CRMB_LGA,2,2,1657789.2891819435,0.0,1657789.3
765,CMD-049,HDG_CRMB_LGA,2,3,1628149.2891819435,0.0,1628149.3
766,CMD-049,HDG_CRMB_LGA,2,4,1598509.2891819435,0.0,1598509.3
767,CMD-049,HDG_CRMB_LGA,3,3,1657789.2891819435,1.0,1657789.3
768,CMD-049,HDG_CRMB_LGA,3,4,1628149.2891819435,0.0,1628149.3
769,CMD-049,HDG_CRMB_LGA,4,4,1657789.2891819435,0.0,1657789.3
770,CMD-050,CRC_CRMB_BAF_SKP,1,1,181422.44498578564,0.0,181422.44
771,CMD-050,CRC_CRMB_BAF_SKP,1,2,176862.44498578564,0.0,174012.44
772,CMD-050,CRC_CRMB_BAF_SKP,1,3,172302.44498578564,0.0,166602.44
773,CMD-050,CRC_CRMB_BAF_SKP,1,4,167742.44498578564,0.0,159192.44
774,CMD-050,CRC_CRMB_BAF_SKP,2,2,181422.44498578564,0.0,181422.44
775,CMD-050,CRC_CRMB_BAF_SKP,2,3,176862.44498578564,0.0,174012.44
776,CMD-050,CRC_CRMB_BAF_SKP,2,4,172302.44498578564,0.0,166602.44
777,CMD-050,CRC_CRMB_BAF_SKP,3,3,181422.44498578564,0.0,181422.44
778,CMD-050,CRC_CRMB_BAF_SKP,3,4,176862.44498578564,0.0,174012.44
779,CMD-050,CRC_CRMB_BAF_SKP,4,4,181422.44498578564,0.0,181422.44
780,CMD-051,HRCDEC_PK,1,1,86738.1989847716,0.0,86738.199
781,CMD-051,HRCDEC_PK,1,2,81338.1989847716,0.0,81338.199
782,CMD-051,HRCDEC_PK,1,3,75938.1989847716,0.0,75938.199
783,CMD-051,HRCDEC_PK,1,4,70538.1989847716,0.0,70538.199
784,CMD-051,HRCDEC_PK,2,2,86738.1989847716,0.0,86738.199
785,CMD-051,HRCDEC_PK,2,3,81338.1989847716,0.0,81338.199
786,CMD-051,HRCDEC_PK,2,4,75938.1989847716,0.0,75938.199
787,CMD-051,HRCDEC_PK,3,3,86738.1989847716,0.0,86738.199
788,CMD-051,HRCDEC_PK,3,4,81338.1989847716,0.0,81338.199
789,CMD-051,HRCDEC_PK,4,4,86738.1989847716,0.0,86738.199
790,CMD-052,CRC_CRMB_BAF_SKP,1,1,308051.2350393062,0.0,308051.24
791,CMD-052,CRC_CRMB_BAF_SKP,1,2,300931.2350393062,0.0,296481.24
792,CMD-052,CRC_CRMB_BAF_SKP,1,3,293811.2350393062,0.0,284911.24
793,CMD-052,CRC_CRMB_BAF_SKP,1,4,286691.2350393062,0.0,273341.24
794,CMD-052,CRC_CRMB_BAF_SKP,2,2,308051.2350393062,0.0,308051.24
795,CMD-052,CRC_CRMB_BAF_SKP,2,3,300931.2350393062,0.0,296481.24
796,CMD-052,CRC_CRMB_BAF_SKP,2,4,293811.2350393062,0.0,284911.24
797,CMD-052,CRC_CRMB_BAF_SKP,3,3,308051.2350393062,0.0,308051.24
798,CMD-052,CRC_CRMB_BAF_SKP,3,4,300931.2350393062,0.0,296481.24
799,CMD-052,CRC_CRMB_BAF_SKP,4,4,308051.2350393062,1.0,308051.24
800,CMD-053,CRC_CRMB_BAF_SKP,1,1,526103.5846273538,0.0,526103.58
801,CMD-053,CRC_CRMB_BAF_SKP,1,2,515703.5846273538,0.0,509203.58
802,CMD-053,CRC_CRMB_BAF_SKP,1,3,505303.5846273538,0.0,492303.58
803,CMD-053,CRC_CRMB_BAF_SKP,1,4,494903.5846273538,0.0,475403.58
804,CMD-053,CRC_CRMB_BAF_SKP,2,2,526103.5846273538,0.0,526103.58
805,CMD-053,CRC_CRMB_BAF_SKP,2,3,515703.5846273538,0.0,509203.58
806,CMD-053,CRC_CRMB_BAF_SKP,2,4,505303.5846273538,0.0,492303.58
807,CMD-053,CRC_CRMB_BAF_SKP,3,3,526103.5846273538,0.0,526103.58
808,CMD-053,CRC_CRMB_BAF_SKP,3,4,515703.5846273538,0.0,509203.58
809,CMD-053,CRC_CRMB_BAF_SKP,4,4,526103.5846273538,1.0,526103.58
810,CMD-054,PPGI_CRMA_LGA,1,1,490996.77929392667,0.0,490996.78
811,CMD-054,PPGI_CRMA_LGA,1,2,485796.77929392667,0.0,485796.78
812,CMD-054,PPGI_CRMA_LGA,1,3,480596.77929392667,0.0,480596.78
813,CMD-054,PPGI_CRMA_LGA,1,4,475396.77929392667,0.0,475396.78
814,CMD-054,PPGI_CRMA_LGA,2,2,490996.77929392667,0.0,490996.78
815,CMD-054,PPGI_CRMA_LGA,2,3,485796.77929392667,0.0,485796.78
816,CMD-054,PPGI_CRMA_LGA,2,4,480596.77929392667,0.0,480596.78
817,CMD-054,PPGI_CRMA_LGA,3,3,490996.77929392667,0.0,490996.78
818,CMD-054,PPGI_CRMA_LGA,3,4,485796.77929392667,0.0,485796.78
819,CMD-054,PPGI_CRMA_LGA,4,4,490996.77929392667,0.0,490996.78
820,CMD-054,PPGI_CRMB_LGA,1,1,497452.9227159921,0.0,497452.92
821,CMD-054,PPGI_CRMB_LGA,1,2,492252.9227159921,0.0,492252.92
822,CMD-054,PPGI_CRMB_LGA,1,3,487052.9227159921,0.0,487052.92
823,CMD-054,PPGI_CRMB_LGA,1,4,481852.9227159921,0.0,481852.92
824,CMD-054,PPGI_CRMB_LGA,2,2,497452.9227159921,1.0,497452.92
825,CMD-054,PPGI_CRMB_LGA,2,3,492252.9227159921,0.0,492252.92
826,CMD-054,PPGI_CRMB_LGA,2,4,487052.9227159921,0.0,487052.92
827,CMD-054,PPGI_CRMB_LGA,3,3,497452.9227159921,0.0,497452.92
828,CMD-054,PPGI_CRMB_LGA,3,4,492252.9227159921,0.0,492252.92
829,CMD-054,PPGI_CRMB_LGA,4,4,497452.9227159921,0.0,497452.92
830,CMD-055,CRC_CRMB_BAF_SKP,1,1,341476.0631097327,0.0,341476.06
831,CMD-055,CRC_CRMB_BAF_SKP,1,2,332636.0631097327,0.0,327111.06
832,CMD-055,CRC_CRMB_BAF_SKP,1,3,323796.0631097327,0.0,312746.06
833,CMD-055,CRC_CRMB_BAF_SKP,1,4,314956.0631097327,0.0,298381.06
834,CMD-055,CRC_CRMB_BAF_SKP,2,2,341476.0631097327,0.0,341476.06
835,CMD-055,CRC_CRMB_BAF_SKP,2,3,332636.0631097327,0.0,327111.06
836,CMD-055,CRC_CRMB_BAF_SKP,2,4,323796.0631097327,0.0,312746.06
837,CMD-055,CRC_CRMB_BAF_SKP,3,3,341476.0631097327,0.0,341476.06
838,CMD-055,CRC_CRMB_BAF_SKP,3,4,332636.0631097327,0.0,327111.06
839,CMD-055,CRC_CRMB_BAF_SKP,4,4,341476.0631097327,0.0,341476.06
840,CMD-056,CRC_CRMB_BAF_SKP,1,1,251230.28468732897,0.0,251230.28
841,CMD-056,CRC_CRMB_BAF_SKP,1,2,245710.28468732897,0.0,242260.28
842,CMD-056,CRC_CRMB_BAF_SKP,1,3,240190.28468732897,0.0,233290.28
843,CMD-056,CRC_CRMB_BAF_SKP,1,4,234670.28468732897,0.0,224320.28
844,CMD-056,CRC_CRMB_BAF_SKP,2,2,251230.28468732897,0.0,251230.28
845,CMD-056,CRC_CRMB_BAF_SKP,2,3,245710.28468732897,0.0,242260.28
846,CMD-056,CRC_CRMB_BAF_SKP,2,4,240190.28468732897,0.0,233290.28
847,CMD-056,CRC_CRMB_BAF_SKP,3,3,251230.28468732897,0.0,251230.28
848,CMD-056,CRC_CRMB_BAF_SKP,3,4,245710.28468732897,0.0,242260.28
849,CMD-056,CRC_CRMB_BAF_SKP,4,4,251230.28468732897,1.0,251230.28
850,CMD-057,BACR_B_CRMA_LGA,1,1,290825.18167044676,0.0,290825.18
851,CMD-057,BACR_B_CRMA_LGA,1,2,285545.18167044676,0.0,285545.18
852,CMD-057,BACR_B_CRMA_LGA,1,3,280265.18167044676,0.0,280265.18
853,CMD-057,BACR_B_CRMA_LGA,1,4,274985.18167044676,0.0,274985.18
854,CMD-057,BACR_B_CRMA_LGA,2,2,290825.18167044676,0.0,290825.18
855,CMD-057,BACR_B_CRMA_LGA,2,3,285545.18167044676,0.0,285545.18
856,CMD-057,BACR_B_CRMA_LGA,2,4,280265.18167044676,0.0,280265.18
857,CMD-057,BACR_B_CRMA_LGA,3,3,290825.18167044676,0.0,290825.18
858,CMD-057,BACR_B_CRMA_LGA,3,4,285545.18167044676,0.0,285545.18
859,CMD-057,BACR_B_CRMA_LGA,4,4,290825.18167044676,0.0,290825.18
860,CMD-057,BACR_B_CRMB_LGA,1,1,297277.31912378996,0.0,297277.32
861,CMD-057,BACR_B_CRMB_LGA,1,2,291997.31912378996,0.0,291997.32
862,CMD-057,BACR_B_CRMB_LGA,1,3,286717.31912378996,0.0,286717.32
863,CMD-057,BACR_B_CRMB_LGA,1,4,281437.31912378996,0.0,281437.32
864,CMD-057,BACR_B_CRMB_LGA,2,2,297277.31912378996,0.0,297277.32
865,CMD-057,BACR_B_CRMB_LGA,2,3,291997.31912378996,0.0,291997.32
866,CMD-057,BACR_B_CRMB_LGA,2,4,286717.31912378996,0.0,286717.32
867,CMD-057,BACR_B_CRMB_LGA,3,3,297277.31912378996,0.0,297277.32
868,CMD-057,BACR_B_CRMB_LGA,3,4,291997.31912378996,0.0,291997.32
869,CMD-057,BACR_B_CRMB_LGA,4,4,297277.31912378996,0.0,297277.32
870,CMD-058,CRC_CRMB_BAF_SKP,1,1,184234.4247457654,0.0,184234.42
871,CMD-058,CRC_CRMB_BAF_SKP,1,2,180274.4247457654,0.0,177799.42
872,CMD-058,CRC_CRMB_BAF_SKP,1,3,176314.4247457654,0.0,171364.42
873,CMD-058,CRC_CRMB_BAF_SKP,1,4,172354.4247457654,0.0,164929.42
874,CMD-058,CRC_CRMB_BAF_SKP,2,2,184234.4247457654,0.0,184234.42
875,CMD-058,CRC_CRMB_BAF_SKP,2,3,180274.4247457654,0.0,177799.42
876,CMD-058,CRC_CRMB_BAF_SKP,2,4,176314.4247457654,0.0,171364.42
877,CMD-058,CRC_CRMB_BAF_SKP,3,3,184234.4247457654,0.0,184234.42
878,CMD-058,CRC_CRMB_BAF_SKP,3,4,180274.4247457654,0.0,177799.42
879,CMD-058,CRC_CRMB_BAF_SKP,4,4,184234.4247457654,1.0,184234.42
880,CMD-059,CRC_CRMB_BAF_SKP,1,1,266013.93300351454,0.0,266013.93
881,CMD-059,CRC_CRMB_BAF_SKP,1,2,260533.93300351454,0.0,257108.93
882,CMD-059,CRC_CRMB_BAF_SKP,1,3,255053.93300351454,0.0,248203.93
883,CMD-059,CRC_CRMB_BAF_SKP,1,4,249573.93300351454,0.0,239298.93
884,CMD-059,CRC_CRMB_BAF_SKP,2,2,266013.93300351454,0.0,266013.93
885,CMD-059,CRC_CRMB_BAF_SKP,2,3,260533.93300351454,0.0,257108.93
886,CMD-059,CRC_CRMB_BAF_SKP,2,4,255053.93300351454,0.0,248203.93
887,CMD-059,CRC_CRMB_BAF_SKP,3,3,266013.93300351454,0.0,266013.93
888,CMD-059,CRC_CRMB_BAF_SKP,3,4,260533.93300351454,0.0,257108.93
889,CMD-059,CRC_CRMB_BAF_SKP,4,4,266013.93300351454,1.0,266013.93
890,CMD-060,CRC_CRMB_BAF_SKP,1,1,391665.9548952886,0.0,391665.95
891,CMD-060,CRC_CRMB_BAF_SKP,1,2,382145.9548952886,0.0,376195.95
892,CMD-060,CRC_CRMB_BAF_SKP,1,3,372625.9548952886,0.0,360725.95
893,CMD-060,CRC_CRMB_BAF_SKP,1,4,363105.9548952886,0.0,345255.95
894,CMD-060,CRC_CRMB_BAF_SKP,2,2,391665.9548952886,0.0,391665.95
895,CMD-060,CRC_CRMB_BAF_SKP,2,3,382145.9548952886,0.0,376195.95
896,CMD-060,CRC_CRMB_BAF_SKP,2,4,372625.9548952886,0.0,360725.95
897,CMD-060,CRC_CRMB_BAF_SKP,3,3,391665.9548952886,0.0,391665.95
898,CMD-060,CRC_CRMB_BAF_SKP,3,4,382145.9548952886,0.0,376195.95
899,CMD-060,CRC_CRMB_BAF_SKP,4,4,391665.9548952886,0.0,391665.95
900,CMD-061,HDG_CRMA_LGA,1,1,1524133.02617921,0.0,1524133.0
901,CMD-061,HDG_CRMA_LGA,1,2,1173133.02617921,0.0,1173133.0
902,CMD-061,HDG_CRMA_LGA,1,3,822133.02617921,0.0,822133.03
903,CMD-061,HDG_CRMA_LGA,1,4,471133.02617921005,0.0,471133.03
904,CMD-061,HDG_CRMA_LGA,2,2,1199133.02617921,0.0,1199133.0
905,CMD-061,HDG_CRMA_LGA,2,3,848133.02617921,0.0,848133.03
906,CMD-061,HDG_CRMA_LGA,2,4,497133.02617921005,0.0,497133.03
907,CMD-061,HDG_CRMA_LGA,3,3,874133.02617921,0.0,874133.03
908,CMD-061,HDG_CRMA_LGA,3,4,523133.02617921005,0.0,523133.03
909,CMD-061,HDG_CRMA_LGA,4,4,549133.02617921,0.0,549133.03
910,CMD-061,HDG_CRMB_LGA,1,1,1555595.0579812105,1.0,1555595.1
911,CMD-061,HDG_CRMB_LGA,1,2,1204595.0579812105,0.0,1204595.1
912,CMD-061,HDG_CRMB_LGA,1,3,853595.0579812105,0.0,853595.06
913,CMD-061,HDG_CRMB_LGA,1,4,502595.0579812105,0.0,502595.06
914,CMD-061,HDG_CRMB_LGA,2,2,1230595.0579812105,0.0,1230595.1
915,CMD-061,HDG_CRMB_LGA,2,3,879595.0579812105,0.0,879595.06
916,CMD-061,HDG_CRMB_LGA,2,4,528595.0579812105,0.0,528595.06
917,CMD-061,HDG_CRMB_LGA,3,3,905595.0579812105,0.0,905595.06
918,CMD-061,HDG_CRMB_LGA,3,4,554595.0579812105,0.0,554595.06
919,CMD-061,HDG_CRMB_LGA,4,4,580595.0579812105,0.0,580595.06
920,CMD-062,HDG_CRMA_LGB,1,1,1378446.027073681,0.0,1378446.0
921,CMD-062,HDG_CRMA_LGB,1,2,1065246.027073681,0.0,1065246.0
922,CMD-062,HDG_CRMA_LGB,1,3,752046.0270736809,0.0,752046.03
923,CMD-062,HDG_CRMA_LGB,1,4,438846.0270736809,0.0,438846.03
924,CMD-062,HDG_CRMA_LGB,2,2,1088446.027073681,0.0,1088446.0
925,CMD-062,HDG_CRMA_LGB,2,3,775246.0270736809,0.0,775246.03
926,CMD-062,HDG_CRMA_LGB,2,4,462046.0270736809,0.0,462046.03
927,CMD-062,HDG_CRMA_LGB,3,3,798446.0270736809,0.0,798446.03
928,CMD-062,HDG_CRMA_LGB,3,4,485246.0270736809,0.0,485246.03
929,CMD-062,HDG_CRMA_LGB,4,4,508446.0270736809,0.0,508446.03
930,CMD-062,HDG_CRMB_LGB,1,1,1406784.583092563,1.0,1406784.6
931,CMD-062,HDG_CRMB_LGB,1,2,1093584.583092563,0.0,1093584.6
932,CMD-062,HDG_CRMB_LGB,1,3,780384.5830925631,0.0,780384.58
933,CMD-062,HDG_CRMB_LGB,1,4,467184.5830925631,0.0,467184.58
934,CMD-062,HDG_CRMB_LGB,2,2,1116784.583092563,0.0,1116784.6
935,CMD-062,HDG_CRMB_LGB,2,3,803584.5830925631,0.0,803584.58
936,CMD-062,HDG_CRMB_LGB,2,4,490384.5830925631,0.0,490384.58
937,CMD-062,HDG_CRMB_LGB,3,3,826784.5830925631,0.0,826784.58
938,CMD-062,HDG_CRMB_LGB,3,4,513584.5830925631,0.0,513584.58
939,CMD-062,HDG_CRMB_LGB,4,4,536784.5830925631,0.0,536784.58
940,CMD-063,PPGI_CRMA_LGA,1,1,1865531.7864020846,0.0,1865531.8
941,CMD-063,PPGI_CRMA_LGA,1,2,1606331.7864020846,0.0,1606331.8
942,CMD-063,PPGI_CRMA_LGA,1,3,1347131.7864020846,0.0,1347131.8
943,CMD-063,PPGI_CRMA_LGA,1,4,1087931.7864020846,0.0,1087931.8
944,CMD-063,PPGI_CRMA_LGA,2,2,1625531.7864020846,0.0,1625531.8
945,CMD-063,PPGI_CRMA_LGA,2,3,1366331.7864020846,0.0,1366331.8
946,CMD-063,PPGI_CRMA_LGA,2,4,1107131.7864020846,0.0,1107131.8
947,CMD-063,PPGI_CRMA_LGA,3,3,1385531.7864020846,0.0,1385531.8
948,CMD-063,PPGI_CRMA_LGA,3,4,1126331.7864020846,0.0,1126331.8
949,CMD-063,PPGI_CRMA_LGA,4,4,1145531.7864020846,0.0,1145531.8
950,CMD-063,PPGI_CRMB_LGA,1,1,1888941.5963723557,0.0,1888941.6
951,CMD-063,PPGI_CRMB_LGA,1,2,1629741.5963723557,0.0,1629741.6
952,CMD-063,PPGI_CRMB_LGA,1,3,1370541.5963723557,0.0,1370541.6
953,CMD-063,PPGI_CRMB_LGA,1,4,1111341.5963723557,0.0,1111341.6
954,CMD-063,PPGI_CRMB_LGA,2,2,1648941.5963723557,1.0,1648941.6
955,CMD-063,PPGI_CRMB_LGA,2,3,1389741.5963723557,0.0,1389741.6
956,CMD-063,PPGI_CRMB_LGA,2,4,1130541.5963723557,0.0,1130541.6
957,CMD-063,PPGI_CRMB_LGA,3,3,1408941.5963723557,0.0,1408941.6
958,CMD-063,PPGI_CRMB_LGA,3,4,1149741.5963723557,0.0,1149741.6
959,CMD-063,PPGI_CRMB_LGA,4,4,1168941.5963723557,0.0,1168941.6
960,CMD-064,PPGI_CRMA_LGA,1,1,2146725.1006398713,0.0,2146725.1
961,CMD-064,PPGI_CRMA_LGA,1,2,1865925.1006398713,0.0,1865925.1
962,CMD-064,PPGI_CRMA_LGA,1,3,1585125.1006398713,0.0,1585125.1
963,CMD-064,PPGI_CRMA_LGA,1,4,1304325.1006398713,0.0,1304325.1
964,CMD-064,PPGI_CRMA_LGA,2,2,1886725.1006398713,0.0,1886725.1
965,CMD-064,PPGI_CRMA_LGA,2,3,1605925.1006398713,0.0,1605925.1
966,CMD-064,PPGI_CRMA_LGA,2,4,1325125.1006398713,0.0,1325125.1
967,CMD-064,PPGI_CRMA_LGA,3,3,1626725.1006398713,0.0,1626725.1
968,CMD-064,PPGI_CRMA_LGA,3,4,1345925.1006398713,0.0,1345925.1
969,CMD-064,PPGI_CRMA_LGA,4,4,1366725.1006398713,0.0,1366725.1
970,CMD-064,PPGI_CRMB_LGA,1,1,2172306.3605531175,0.0,2172306.4
971,CMD-064,PPGI_CRMB_LGA,1,2,1891506.3605531175,0.0,1891506.4
972,CMD-064,PPGI_CRMB_LGA,1,3,1610706.3605531175,0.0,1610706.4
973,CMD-064,PPGI_CRMB_LGA,1,4,1329906.3605531175,0.0,1329906.4
974,CMD-064,PPGI_CRMB_LGA,2,2,1912306.3605531175,1.0,1912306.4
975,CMD-064,PPGI_CRMB_LGA,2,3,1631506.3605531175,0.0,1631506.4
976,CMD-064,PPGI_CRMB_LGA,2,4,1350706.3605531175,0.0,1350706.4
977,CMD-064,PPGI_CRMB_LGA,3,3,1652306.3605531175,0.0,1652306.4
978,CMD-064,PPGI_CRMB_LGA,3,4,1371506.3605531175,0.0,1371506.4
979,CMD-064,PPGI_CRMB_LGA,4,4,1392306.3605531175,0.0,1392306.4
980,CMD-065,HDG_CRMA_LGA,1,1,1757888.6481029897,0.0,1757888.6
981,CMD-065,HDG_CRMA_LGA,1,2,1369088.6481029897,0.0,1369088.6
982,CMD-065,HDG_CRMA_LGA,1,3,980288.6481029897,0.0,980288.65
983,CMD-065,HDG_CRMA_LGA,1,4,591488.6481029897,0.0,591488.65
984,CMD-065,HDG_CRMA_LGA,2,2,1397888.6481029897,0.0,1397888.6
985,CMD-065,HDG_CRMA_LGA,2,3,1009088.6481029897,0.0,1009088.6
986,CMD-065,HDG_CRMA_LGA,2,4,620288.6481029897,0.0,620288.65
987,CMD-065,HDG_CRMA_LGA,3,3,1037888.6481029897,0.0,1037888.6
988,CMD-065,HDG_CRMA_LGA,3,4,649088.6481029897,0.0,649088.65
989,CMD-065,HDG_CRMA_LGA,4,4,677888.6481029897,0.0,677888.65
990,CMD-065,HDG_CRMB_LGA,1,1,1793081.9761319137,1.0,1793082.0
991,CMD-065,HDG_CRMB_LGA,1,2,1404281.9761319137,0.0,1404282.0
992,CMD-065,HDG_CRMB_LGA,1,3,1015481.9761319137,0.0,1015482.0
993,CMD-065,HDG_CRMB_LGA,1,4,626681.9761319137,0.0,626681.98
994,CMD-065,HDG_CRMB_LGA,2,2,1433081.9761319137,0.0,1433082.0
995,CMD-065,HDG_CRMB_LGA,2,3,1044281.9761319137,0.0,1044282.0
996,CMD-065,HDG_CRMB_LGA,2,4,655481.9761319137,0.0,655481.98
997,CMD-065,HDG_CRMB_LGA,3,3,1073081.9761319137,0.0,1073082.0
998,CMD-065,HDG_CRMB_LGA,3,4,684281.9761319137,0.0,684281.98
999,CMD-065,HDG_CRMB_LGA,4,4,713081.9761319137,0.0,713081.98
1000,CMD-066,HDG_CRMA_LGB,1,1,1109373.9234190527,0.0,1109373.9
1001,CMD-066,HDG_CRMA_LGB,1,2,1087773.9234190527,0.0,1087773.9
1002,CMD-066,HDG_CRMA_LGB,1,3,796173.9234190527,0.0,796173.92
1003,CMD-066,HDG_CRMA_LGB,1,4,504573.92341905273,0.0,504573.92
1004,CMD-066,HDG_CRMA_LGB,2,2,1109373.9234190527,0.0,1109373.9
1005,CMD-066,HDG_CRMA_LGB,2,3,817773.9234190527,0.0,817773.92
1006,CMD-066,HDG_CRMA_LGB,2,4,526173.9234190527,0.0,526173.92
1007,CMD-066,HDG_CRMA_LGB,3,3,839373.9234190527,0.0,839373.92
1008,CMD-066,HDG_CRMA_LGB,3,4,547773.9234190527,0.0,547773.92
1009,CMD-066,HDG_CRMA_LGB,4,4,569373.9234190527,0.0,569373.92
1010,CMD-066,HDG_CRMB_LGB,1,1,1135702.6698799955,1.0,1135702.7
1011,CMD-066,HDG_CRMB_LGB,1,2,1114102.6698799955,0.0,1114102.7
1012,CMD-066,HDG_CRMB_LGB,1,3,822502.6698799955,0.0,822502.67
1013,CMD-066,HDG_CRMB_LGB,1,4,530902.6698799955,0.0,530902.67
1014,CMD-066,HDG_CRMB_LGB,2,2,1135702.6698799955,0.0,1135702.7
1015,CMD-066,HDG_CRMB_LGB,2,3,844102.6698799955,0.0,844102.67
1016,CMD-066,HDG_CRMB_LGB,2,4,552502.6698799955,0.0,552502.67
1017,CMD-066,HDG_CRMB_LGB,3,3,865702.6698799955,0.0,865702.67
1018,CMD-066,HDG_CRMB_LGB,3,4,574102.6698799955,0.0,574102.67
1019,CMD-066,HDG_CRMB_LGB,4,4,595702.6698799955,0.0,595702.67
