line,family,week,used_t,capacity_t,utilization,slack_t
PK,HRC DEC,1,0.0,8078.0,0.0,8078.0
PK,HRC DEC,2,0.0,8078.0,0.0,8078.0
PK,HRC DEC,3,0.0,6924.0,0.0,6924.0
PK,HRC DEC,4,0.0,8078.0,0.0,8078.0
PK,CRC,1,0.0,6300.0,0.0,6300.0
PK,CRC,2,0.0,6300.0,0.0,6300.0
PK,CRC,3,0.0,5400.0,0.0,5400.0
PK,CRC,4,1317.5146258533784,6300.0,0.20912930569101246,4982.485374146621
PK,HDG,1,4788.318182668049,8078.0,0.5927603593300383,3289.6818173319507
PK,HDG,2,0.0,8078.0,0.0,8078.0
PK,HDG,3,3086.5623248380343,6924.0,0.44577734327527935,3837.4376751619657
PK,HDG,4,0.0,8078.0,0.0,8078.0
PK,PPGI,1,0.0,8078.0,0.0,8078.0
PK,PPGI,2,2189.6106463587753,8078.0,0.2710585103192344,5888.389353641225
PK,PPGI,3,0.0,6924.0,0.0,6924.0
PK,PPGI,4,0.0,8078.0,0.0,8078.0
PK,BACR,1,0.0,9800.0,0.0,9800.0
PK,BACR,2,0.0,9800.0,0.0,9800.0
PK,BACR,3,0.0,8400.0,0.0,8400.0
PK,BACR,4,0.0,9800.0,0.0,9800.0
CRMA,HDG,1,0.0,5523.0,0.0,5523.0
CRMA,HDG,2,0.0,5523.0,0.0,5523.0
CRMA,HDG,3,0.0,5523.0,0.0,5523.0
CRMA,HDG,4,0.0,3945.0,0.0,3945.0
CRMA,PPGI,1,0.0,5523.0,0.0,5523.0
CRMA,PPGI,2,0.0,5523.0,0.0,5523.0
CRMA,PPGI,3,0.0,5523.0,0.0,5523.0
CRMA,PPGI,4,0.0,3945.0,0.0,3945.0
CRMA,BACR,1,0.0,5523.0,0.0,5523.0
CRMA,BACR,2,0.0,5523.0,0.0,5523.0
CRMA,BACR,3,0.0,5523.0,0.0,5523.0
CRMA,BACR,4,0.0,3945.0,0.0,3945.0
CRMB,CRC,1,0.0,5523.0,0.0,5523.0
CRMB,CRC,2,0.0,4734.0,0.0,4734.0
CRMB,CRC,3,0.0,5523.0,0.0,5523.0
CRMB,CRC,4,1297.751906465578,5523.0,0.23497228072887524,4225.248093534422
CRMB,HDG,1,4716.493409928028,5523.0,0.853973096130369,806.5065900719719
CRMB,HDG,2,0.0,4734.0,0.0,4734.0
CRMB,HDG,3,3040.2638899654635,5523.0,0.5504732735769443,2482.7361100345365
CRMB,HDG,4,0.0,5523.0,0.0,5523.0
CRMB,PPGI,1,0.0,5523.0,0.0,5523.0
CRMB,PPGI,2,2156.766486663394,4734.0,0.4555907238410211,2577.233513336606
CRMB,PPGI,3,0.0,5523.0,0.0,5523.0
CRMB,PPGI,4,0.0,5523.0,0.0,5523.0
CRMB,BACR,1,0.0,5523.0,0.0,5523.0
CRMB,BACR,2,0.0,4734.0,0.0,4734.0
CRMB,BACR,3,0.0,5523.0,0.0,5523.0
CRMB,BACR,4,0.0,5523.0,0.0,5523.0
BAF,CRC,1,0.0,1260.0,0.0,1260.0
BAF,CRC,2,0.0,1260.0,0.0,1260.0
BAF,CRC,3,0.0,1260.0,0.0,1260.0
BAF,CRC,4,1258.8193492716107,1260.0,0.9990629756123894,1.1806507283893097
BAF,BACR,1,0.0,1260.0,0.0,1260.0
BAF,BACR,2,0.0,1260.0,0.0,1260.0
BAF,BACR,3,0.0,1260.0,0.0,1260.0
BAF,BACR,4,0.0,1260.0,0.0,1260.0
SKP,CRC,1,0.0,2100.0,0.0,2100.0
SKP,CRC,2,0.0,1800.0,0.0,1800.0
SKP,CRC,3,0.0,2100.0,0.0,2100.0
SKP,CRC,4,1246.2311557788944,2100.0,0.5934434075137592,853.7688442211056
LGA,HDG,1,1449.73544973545,1500.0,0.9664902998236333,50.26455026455005
LGA,HDG,2,0.0,1750.0,0.0,1750.0
LGA,HDG,3,1720.634920634921,1750.0,0.9832199546485263,29.365079365079055
LGA,HDG,4,0.0,1750.0,0.0,1750.0
LGA,PPGI,1,0.0,1800.0,0.0,1800.0
LGA,PPGI,2,2092.063492063492,2100.0,0.9962207105064248,7.936507936507951
LGA,PPGI,3,0.0,2100.0,0.0,2100.0
LGA,PPGI,4,0.0,2100.0,0.0,2100.0
LGA,BACR,1,0.0,1800.0,0.0,1800.0
LGA,BACR,2,0.0,2100.0,0.0,2100.0
LGA,BACR,3,0.0,2100.0,0.0,2100.0
LGA,BACR,4,0.0,2100.0,0.0,2100.0
LGB,HDG,1,3125.2631578947367,3185.0,0.9812443195901842,59.73684210526335
LGB,HDG,2,0.0,3185.0,0.0,3185.0
LGB,HDG,3,1228.4210526315792,2730.0,0.449971081550029,1501.5789473684208
LGB,HDG,4,0.0,3185.0,0.0,3185.0
LGB,BACR,1,0.0,4200.0,0.0,4200.0
LGB,BACR,2,0.0,4200.0,0.0,4200.0
LGB,BACR,3,0.0,3600.0,0.0,3600.0
LGB,BACR,4,0.0,4200.0,0.0,4200.0
