order_id,client,family,grade,thickness,width,tonnage,price,due_week,priority,accepted,route_id,route_lines,prod_week,delivery_week,delay_weeks,realized_margin
CMD-001,Client_19,HDG,DX51,0.3,1250,423.0,11017.0,1,Haute,True,HDG_CRMB_LGA,PK>CRMB>LGA,1,1,0,1075407.7261130998
CMD-002,Client_05,PPGI,DX51,0.7,1250,356.0,12347.0,1,Haute,False,,,,,,0.0
CMD-003,Client_09,HDG,DX51,1.2,1140,552.0,10210.0,1,Haute,True,HDG_CRMB_LGB,PK>CRMB>LGB,1,1,0,1133740.2629281878
CMD-004,Client_02,CRC,DD13,0.7,1320,95.0,9076.0,1,Normale,True,CRC_CRMB_BAF_SKP,PK>CRMB>BAF>SKP,1,1,0,170636.15681807825
CMD-005,Client_20,Quarto,DD13,6.0,1100,243.0,8125.0,1,Normale,False,,,,,,0.0
CMD-006,Client_09,PPGI,DX51,0.4,1250,154.0,12834.0,1,Normale,True,PPGI_CRMB_LGA,PK>CRMB>LGA,1,1,0,652589.7428948546
CMD-007,Client_10,CRC,DX52,0.4,1140,277.0,9699.0,1,Normale,True,CRC_CRMB_BAF_SKP,PK>CRMB>BAF>SKP,1,1,0,572360.5450511364
CMD-008,Client_05,BACR,DC01,0.4,1280,390.0,10212.0,1,Normale,True,BACR_B_CRMB_LGA,PK>CRMB>LGA,1,1,0,1013758.5004390015
CMD-009,Client_18,CRC,DX51,1.0,1090,243.0,9027.0,1,Normale,False,,,,,,0.0
CMD-010,Client_17,CRC,S320,0.3,1280,192.0,10333.0,1,Normale,False,,,,,,0.0
CMD-011,Client_16,CRC,DX52,0.2,1140,49.0,9831.0,1,Basse,True,CRC_CRMB_BAF_SKP,PK>CRMB>BAF>SKP,4,4,3,102176.01595129573
CMD-012,Client_15,HDG,DX52,0.9,1320,575.0,10792.0,2,Haute,True,HDG_CRMB_LGB,PK>CRMB>LGB,2,2,0,1325013.6018629964
CMD-013,Client_08,PPGI,S320,0.35,1280,470.0,13136.0,2,Haute,True,PPGI_CRMB_LGA,PK>CRMB>LGA,2,2,0,1722773.5263214286
CMD-014,Client_10,PPGI,DC01,0.7,1280,414.0,11943.0,2,Haute,False,,,,,,0.0
CMD-015,Client_04,HDG,DD13,0.7,1320,124.0,10398.0,2,Normale,True,HDG_CRMB_LGB,PK>CRMB>LGB,2,2,0,277241.57747922564
CMD-016,Client_01,BACR,DX51,0.9,1100,122.0,10224.0,2,Normale,True,BACR_B_CRMB_LGB,PK>CRMB>LGB,1,1,0,307034.03904316237
CMD-017,Client_14,HDG,S320,0.9,1090,136.0,11208.0,2,Normale,True,HDG_CRMB_LGB,PK>CRMB>LGB,1,1,0,236828.1788141865
CMD-018,Client_07,HDG,S320,0.9,1100,169.0,11026.0,2,Normale,False,,,,,,0.0
CMD-019,Client_08,HDG,DC01,0.9,1250,149.0,10222.0,2,Normale,True,HDG_CRMB_LGB,PK>CRMB>LGB,2,2,0,341048.4567190439
CMD-020,Client_18,PPGI,DX51,0.4,1090,193.0,12749.0,2,Normale,True,PPGI_CRMB_LGA,PK>CRMB>LGA,2,2,0,799101.3636280973
CMD-021,Client_14,CRC,DC01,0.4,1090,153.0,9387.0,2,Normale,True,CRC_CRMB_BAF_SKP,PK>CRMB>BAF>SKP,2,2,0,336255.53290903865
CMD-022,Client_01,HDG,DC01,0.3,1100,290.0,10583.0,2,Normale,True,HDG_CRMB_LGA,PK>CRMB>LGA,2,2,0,712570.1575855138
CMD-023,Client_11,CRC,S320,0.4,1020,225.0,10062.0,2,Normale,False,,,,,,0.0
CMD-024,Client_13,HDG,DX51,1.2,1100,144.0,10114.0,2,Normale,True,HDG_CRMB_LGB,PK>CRMB>LGB,2,2,0,281756.5761619076
CMD-025,Client_16,HDG,DD13,0.5,1320,80.0,10258.0,2,Normale,True,HDG_CRMB_LGA,PK>CRMB>LGA,2,2,0,163623.94154614516
CMD-026,Client_16,HDG,DD13,1.2,1250,90.0,10021.0,2,Basse,True,HDG_CRMB_LGB,PK>CRMB>LGB,4,4,2,180510.27682519396
CMD-027,Client_18,BACR,S320,0.9,1320,41.0,10543.0,2,Basse,False,,,,,,0.0
CMD-028,Client_02,PPGI,DC01,0.35,1020,134.0,12298.0,2,Basse,True,PPGI_CRMB_LGA,PK>CRMB>LGA,4,4,2,519904.41385568323
CMD-029,Client_09,BACR,DD13,0.5,1250,40.0,9999.0,2,Basse,True,BACR_B_CRMB_LGA,PK>CRMB>LGA,4,4,2,92822.71562334815
CMD-030,Client_10,CRC,DX51,1.0,1320,87.0,8749.0,2,Basse,False,,,,,,0.0
CMD-031,Client_05,CRC,DX51,0.7,1090,131.0,9091.0,2,Basse,False,,,,,,0.0
CMD-032,Client_20,CRC,DX51,0.7,1280,576.0,9257.0,3,Haute,False,CRC_CRMB_BAF_SKP,PK>CRMB>BAF>SKP,2,2,0,356559.3269326949
CMD-033,Client_16,CRC,DX51,0.2,1100,565.0,9602.0,3,Haute,True,CRC_CRMB_BAF_SKP,PK>CRMB>BAF>SKP,1,1,0,1137657.9242742637
CMD-034,Client_18,CRC,DX52,0.4,1100,373.0,9802.0,3,Haute,True,CRC_CRMB_BAF_SKP,PK>CRMB>BAF>SKP,1,1,0,492990.18877159536
CMD-035,Client_09,HDG,DC01,0.9,1320,575.0,10201.0,3,Haute,True,HDG_CRMB_LGB,PK>CRMB>LGB,3,3,0,1265887.2359703751
CMD-036,Client_09,HRC DEC,DC01,3.0,1320,475.0,6492.0,3,Haute,True,HRCDEC_PK,PK,2,2,0,190460.4365482233
CMD-037,Client_16,HDG,DX51,0.9,1100,143.0,10667.0,3,Normale,True,HDG_CRMB_LGB,PK>CRMB>LGB,3,3,0,347655.6164273101
CMD-038,Client_16,PPGI,S320,0.5,1090,144.0,12944.0,3,Normale,True,PPGI_CRMB_LGA,PK>CRMB>LGA,3,3,0,526199.8579657053
CMD-039,Client_02,HDG,DC01,0.7,1020,92.0,10073.0,3,Normale,True,HDG_CRMB_LGB,PK>CRMB>LGB,3,3,0,190614.5382795099
CMD-040,Client_07,HDG,DX51,0.4,1140,172.0,10916.0,3,Normale,True,HDG_CRMB_LGA,PK>CRMB>LGA,3,3,0,437357.11950506136
CMD-041,Client_04,CRC,DC01,0.7,1140,187.0,9018.0,3,Normale,True,CRC_CRMB_BAF_SKP,PK>CRMB>BAF>SKP,3,3,0,370639.44992616004
CMD-042,Client_06,PPGI,DC01,0.35,1140,222.0,12429.0,3,Normale,True,PPGI_CRMB_LGA,PK>CRMB>LGA,3,3,0,910462.0490692075
CMD-043,Client_04,CRC,DD13,0.2,1280,115.0,9444.0,3,Normale,True,CRC_CRMB_BAF_SKP,PK>CRMB>BAF>SKP,3,3,0,226666.9891654115
CMD-044,Client_09,HDG,DX51,0.7,1280,267.0,10706.0,3,Normale,True,HDG_CRMB_LGB,PK>CRMB>LGB,3,3,0,647899.8278269537
CMD-045,Client_12,CRC,DC01,0.7,1320,77.0,8804.0,3,Basse,True,CRC_CRMB_BAF_SKP,PK>CRMB>BAF>SKP,4,4,1,129445.82383582563
CMD-046,Client_15,BACR,DC01,0.7,1100,203.0,9783.0,3,Basse,True,BACR_B_CRMB_LGB,PK>CRMB>LGB,1,1,0,487304.70785747125
CMD-047,Client_14,CRC,S320,0.3,1280,184.0,10210.0,3,Basse,False,,,,,,0.0
CMD-048,Client_05,CRC,DX52,0.5,1090,77.0,9390.0,3,Basse,True,CRC_CRMB_BAF_SKP,PK>CRMB>BAF>SKP,1,1,0,137444.80887438802
CMD-049,Client_17,HDG,DC01,0.5,1100,741.0,10196.0,4,Haute,True,HDG_CRMB_LGA,PK>CRMB>LGA,2,2,0,1657789.2891819435
CMD-050,Client_01,CRC,S320,0.5,1020,114.0,9830.0,4,Normale,False,,,,,,0.0
CMD-051,Client_19,HRC DEC,DD13,2.5,1140,135.0,6804.0,4,Normale,True,HRCDEC_PK,PK,4,4,0,86738.1989847716
CMD-052,Client_11,CRC,DX51,0.7,1320,178.0,9169.0,4,Normale,False,,,,,,0.0
CMD-053,Client_18,CRC,S320,0.2,1100,260.0,10349.0,4,Normale,False,,,,,,0.0
CMD-054,Client_16,PPGI,DD13,0.5,1020,130.0,12121.0,4,Basse,True,PPGI_CRMB_LGA,PK>CRMB>LGA,4,4,0,481852.9227159921
CMD-055,Client_03,CRC,DX52,0.7,1280,221.0,9101.0,4,Basse,False,CRC_CRMB_BAF_SKP,PK>CRMB>BAF>SKP,4,4,0,61086.45145882285
CMD-056,Client_16,CRC,DC01,0.3,1250,138.0,9054.0,4,Basse,True,CRC_CRMB_BAF_SKP,PK>CRMB>BAF>SKP,4,4,0,251230.28468732897
CMD-057,Client_12,BACR,DC01,0.5,1320,132.0,9833.0,4,Basse,True,BACR_B_CRMB_LGA,PK>CRMB>LGA,3,3,0,297277.31912378996
CMD-058,Client_08,CRC,DX51,0.2,1320,99.0,9535.0,4,Basse,False,,,,,,0.0
CMD-059,Client_13,CRC,DD13,0.7,1100,137.0,9136.0,4,Basse,True,CRC_CRMB_BAF_SKP,PK>CRMB>BAF>SKP,4,4,0,266013.93300351454
CMD-060,Client_12,CRC,DC01,0.5,1090,238.0,8778.0,4,Basse,True,CRC_CRMB_BAF_SKP,PK>CRMB>BAF>SKP,2,2,0,391665.9548952886
CMD-061,Client_04,HDG,DC01,0.5,1140,650.0,10350.0,1,Haute,True,HDG_CRMB_LGA,PK>CRMB>LGA,1,1,0,1555595.0579812105
CMD-062,Client_15,HDG,DD13,0.7,1250,580.0,10520.0,1,Haute,True,HDG_CRMB_LGB,PK>CRMB>LGB,1,1,0,1406784.583092563
CMD-063,Client_03,PPGI,DC01,0.4,1090,480.0,12100.0,1,Haute,True,PPGI_CRMB_LGA,PK>CRMB>LGA,1,1,0,1831341.5963723557
CMD-064,Client_01,PPGI,DD13,0.5,1100,520.0,12380.0,1,Haute,True,PPGI_CRMB_LGA,PK>CRMB>LGA,1,1,0,2109906.3605531175
CMD-065,Client_11,HDG,DC01,0.4,1280,720.0,10580.0,1,Haute,True,HDG_CRMB_LGA,PK>CRMB>LGA,2,2,1,747392.0615700899
CMD-066,Client_13,HDG,DD13,0.9,1100,540.0,10180.0,2,Haute,True,HDG_CRMB_LGB,PK>CRMB>LGB,1,1,0,1135702.6698799955
