constraint,type,line,family,week,grade,rhs,slack,shadow_price
ip_balance_FH_CRMB_S1,interprocess_balance,,FH-CRMB (vers BAF/LGA/LGB),1,,,-0.0,-100.0
ip_balance_BAF_out_S1,interprocess_balance,,BAF-out (vers SKP/LGB-BACR),1,,,-0.0,-100.0
ip_balance_FH_CRMA_S1,interprocess_balance,,FH-CRMA (vers LGA/LGB),1,,,-0.0,-100.0
ip_balance_FH_CRMB_S2,interprocess_balance,,FH-CRMB (vers BAF/LGA/LGB),2,,,9.9475983e-14,-75.0
ip_balance_SKP_out_S2,interprocess_balance,,SKP-out (vers CRC),2,,,-0.0,-75.0
ip_balance_FH_CRMA_S2,interprocess_balance,,FH-CRMA (vers LGA/LGB),2,,,-1.1368684e-13,-75.0
ip_balance_BAF_out_S2,interprocess_balance,,BAF-out (vers SKP/LGB-BACR),2,,,5.6843419e-14,-75.0
ip_balance_FH_CRMB_S3,interprocess_balance,,FH-CRMB (vers BAF/LGA/LGB),3,,,-5.6843419e-14,-50.0
ip_balance_BAF_out_S3,interprocess_balance,,BAF-out (vers SKP/LGB-BACR),3,,,-8.5265128e-14,-50.0
ip_balance_FH_CRMA_S3,interprocess_balance,,FH-CRMA (vers LGA/LGB),3,,,-0.0,-50.0
ip_balance_SKP_out_S3,interprocess_balance,,SKP-out (vers CRC),3,,,2.8421709e-14,-50.0
ip_balance_FH_CRMA_S4,interprocess_balance,,FH-CRMA (vers LGA/LGB),4,,,-0.0,-25.0
ip_balance_BAF_out_S4,interprocess_balance,,BAF-out (vers SKP/LGB-BACR),4,,,-0.0,-25.0
ip_balance_SKP_out_S4,interprocess_balance,,SKP-out (vers CRC),4,,,-0.0,-25.0
ip_balance_FH_CRMB_S4,interprocess_balance,,FH-CRMB (vers BAF/LGA/LGB),4,,,-2.8421709e-14,-25.0
order_once_CMD_001,order_once,,,,,,-0.0,-0.0
order_once_CMD_020,order_once,,,,,,-0.0,-0.0
order_once_CMD_003,order_once,,,,,,-0.0,-0.0
order_once_CMD_004,order_once,,,,,,-0.0,-0.0
order_once_CMD_006,order_once,,,,,,-0.0,-0.0
order_once_CMD_007,order_once,,,,,,-0.0,-0.0
order_once_CMD_008,order_once,,,,,,-0.0,-0.0
order_once_CMD_009,order_once,,,,,,1.0,-0.0
order_once_CMD_010,order_once,,,,,,1.0,-0.0
order_once_CMD_011,order_once,,,,,,-0.0,-0.0
order_once_CMD_012,order_once,,,,,,-0.0,-0.0
order_once_CMD_013,order_once,,,,,,-0.0,-0.0
order_once_CMD_015,order_once,,,,,,-0.0,-0.0
order_once_CMD_016,order_once,,,,,,-0.0,-0.0
order_once_CMD_017,order_once,,,,,,1.0,-0.0
order_once_CMD_018,order_once,,,,,,1.0,-0.0
order_once_CMD_019,order_once,,,,,,-0.0,-0.0
order_once_CMD_036,order_once,,,,,,1.0,-0.0
order_once_CMD_037,order_once,,,,,,-0.0,-0.0
order_once_CMD_038,order_once,,,,,,-0.0,-0.0
order_once_CMD_039,order_once,,,,,,-0.0,-0.0
order_once_CMD_040,order_once,,,,,,-0.0,-0.0
order_once_CMD_041,order_once,,,,,,-0.0,-0.0
order_once_CMD_042,order_once,,,,,,-0.0,-0.0
order_once_CMD_043,order_once,,,,,,-0.0,-0.0
order_once_CMD_044,order_once,,,,,,-0.0,-0.0
order_once_CMD_045,order_once,,,,,,-0.0,-0.0
order_once_CMD_046,order_once,,,,,,-0.0,-0.0
order_once_CMD_047,order_once,,,,,,1.0,-0.0
order_once_CMD_048,order_once,,,,,,-0.0,-0.0
order_once_CMD_049,order_once,,,,,,-0.0,-0.0
order_once_CMD_050,order_once,,,,,,1.0,-0.0
order_once_CMD_051,order_once,,,,,,-0.0,-0.0
order_once_CMD_052,order_once,,,,,,-0.0,-0.0
order_once_CMD_053,order_once,,,,,,1.0,-0.0
order_once_CMD_054,order_once,,,,,,-0.0,-0.0
order_once_CMD_055,order_once,,,,,,1.0,-0.0
order_once_CMD_056,order_once,,,,,,-0.0,-0.0
order_once_CMD_057,order_once,,,,,,-0.0,-0.0
order_once_CMD_058,order_once,,,,,,1.0,-0.0
order_once_CMD_059,order_once,,,,,,-0.0,-0.0
order_once_CMD_060,order_once,,,,,,-0.0,-0.0
order_once_CMD_061,order_once,,,,,,-0.0,-0.0
order_once_CMD_062,order_once,,,,,,-0.0,-0.0
order_once_CMD_063,order_once,,,,,,-0.0,-0.0
order_once_CMD_064,order_once,,,,,,-0.0,-0.0
order_once_CMD_065,order_once,,,,,,-0.0,-0.0
order_once_CMD_066,order_once,,,,,,-0.0,-0.0
hrc_avail_DC01,hrc,,,,DC01,6750.0,621.5321000000004,-0.0
hrc_avail_DD13,hrc,,,,DD13,3750.0,921.7602000000002,-0.0
hrc_avail_DX51,hrc,,,,DX51,3200.0,14.345699999999852,-0.0
hrc_avail_DX52,hrc,,,,DX52,1500.0,42.00590000000011,-0.0
hrc_avail_S320,hrc,,,,S320,800.0,74.79894999999999,-0.0
cap_PK_HDG_S1,capacity,PK,HDG,1,,8078.0,3412.0186000000003,-0.0
cap_CRMA_HDG_S1,capacity,CRMA,HDG,1,,5523.0,5523.0,-0.0
cap_LGA_HDG_S1,capacity,LGA,HDG,1,,1500.0,50.26459999999997,-0.0
cap_LGA_HDG_S2,capacity,LGA,HDG,2,,1750.0,910.84656,-0.0
cap_LGA_HDG_S3,capacity,LGA,HDG,3,,1750.0,783.86243,-0.0
cap_LGA_HDG_S4,capacity,LGA,HDG,4,,1750.0,1750.0,-0.0
cap_CRMA_HDG_S2,capacity,CRMA,HDG,2,,5523.0,5523.0,-0.0
cap_CRMA_HDG_S3,capacity,CRMA,HDG,3,,5523.0,5523.0,-0.0
cap_CRMA_HDG_S4,capacity,CRMA,HDG,4,,3945.0,3945.0,-0.0
cap_PK_HDG_S2,capacity,PK,HDG,2,,8078.0,5750.0049,-0.0
cap_PK_HDG_S3,capacity,PK,HDG,3,,6924.0,6290.51509,-0.0
cap_PK_HDG_S4,capacity,PK,HDG,4,,8078.0,8078.0,-0.0
cap_CRMB_HDG_S1,capacity,CRMB,HDG,1,,5523.0,2078.346,-0.0
order_once_CMD_021,order_once,,,,,,-0.0,-0.0
order_once_CMD_022,order_once,,,,,,-0.0,-0.0
order_once_CMD_023,order_once,,,,,,1.0,-0.0
order_once_CMD_024,order_once,,,,,,-0.0,-0.0
order_once_CMD_025,order_once,,,,,,-0.0,-0.0
order_once_CMD_026,order_once,,,,,,-0.0,-0.0
order_once_CMD_027,order_once,,,,,,-0.0,-0.0
order_once_CMD_028,order_once,,,,,,-0.0,-0.0
order_once_CMD_029,order_once,,,,,,-0.0,-0.0
order_once_CMD_030,order_once,,,,,,1.0,-0.0
order_once_CMD_031,order_once,,,,,,1.0,-0.0
order_once_CMD_032,order_once,,,,,,1.0,-0.0
order_once_CMD_033,order_once,,,,,,-0.0,-0.0
order_once_CMD_034,order_once,,,,,,-0.0,-0.0
order_once_CMD_035,order_once,,,,,,-0.0,-0.0
cap_BAF_CRC_S2,capacity,BAF,CRC,2,,1260.0,531.10299,-0.0
cap_SKP_CRC_S4,capacity,SKP,CRC,4,,2100.0,1440.70352,-0.0
cap_SKP_CRC_S3,capacity,SKP,CRC,3,,2100.0,1297.9899500000001,-0.0
cap_SKP_CRC_S2,capacity,SKP,CRC,2,,1800.0,1078.39196,-0.0
cap_SKP_CRC_S1,capacity,SKP,CRC,1,,2100.0,1610.55276,-0.0
cap_BAF_CRC_S1,capacity,BAF,CRC,1,,1260.0,765.6088500000001,-0.0
cap_CRMB_CRC_S1,capacity,CRMB,CRC,1,,5523.0,5013.3184,-0.0
cap_PK_CRC_S1,capacity,PK,CRC,1,,6300.0,5782.55676,-0.0
cap_LGB_HDG_S4,capacity,LGB,HDG,4,,3185.0,3185.0,-0.0
cap_LGB_HDG_S3,capacity,LGB,HDG,3,,2730.0,1693.1579,-0.0
cap_LGB_HDG_S2,capacity,LGB,HDG,2,,3185.0,2080.7895,-0.0
cap_LGB_HDG_S1,capacity,LGB,HDG,1,,3185.0,1293.4211,-0.0
cap_CRMB_HDG_S4,capacity,CRMB,HDG,4,,5523.0,5523.0,-0.0
cap_CRMB_HDG_S3,capacity,CRMB,HDG,3,,5523.0,3458.0725,-0.0
cap_CRMB_HDG_S2,capacity,CRMB,HDG,2,,4734.0,2730.532,-0.0
cap_BAF_CRC_S3,capacity,BAF,CRC,3,,1260.0,449.88883999999996,-0.0
cap_CRMA_PPGI_S4,capacity,CRMA,PPGI,4,,3945.0,3945.0,-0.0
cap_BAF_CRC_S4,capacity,BAF,CRC,4,,1260.0,594.04396,-0.0
cap_CRMB_CRC_S2,capacity,CRMB,CRC,2,,4734.0,3982.55978,-0.0
cap_CRMB_CRC_S3,capacity,CRMB,CRC,3,,5523.0,4687.83385,-0.0
cap_CRMB_CRC_S4,capacity,CRMB,CRC,4,,5523.0,4836.44738,-0.0
cap_PK_CRC_S2,capacity,PK,CRC,2,,6300.0,5347.98943,-0.0
cap_PK_CRC_S3,capacity,PK,CRC,3,,5400.0,4470.30218,-0.0
cap_PK_CRC_S4,capacity,PK,CRC,4,,6300.0,5873.93277,-0.0
cap_PK_PPGI_S1,capacity,PK,PPGI,1,,8078.0,6340.2665,-0.0
cap_CRMA_PPGI_S1,capacity,CRMA,PPGI,1,,5523.0,5523.0,-0.0
cap_LGA_PPGI_S1,capacity,LGA,PPGI,1,,1800.0,374.6032,-0.0
cap_LGA_PPGI_S2,capacity,LGA,PPGI,2,,2100.0,1367.72487,-0.0
cap_LGA_PPGI_S3,capacity,LGA,PPGI,3,,2100.0,1810.0529099999999,-0.0
cap_LGA_PPGI_S4,capacity,LGA,PPGI,4,,2100.0,1958.20106,-0.0
cap_CRMA_PPGI_S2,capacity,CRMA,PPGI,2,,5523.0,5523.0,-0.0
cap_CRMA_PPGI_S3,capacity,CRMA,PPGI,3,,5523.0,5523.0,-0.0
cap_CRMA_BACR_S4,capacity,CRMA,BACR,4,,3945.0,3945.0,-0.0
cap_PK_BACR_S2,capacity,PK,BACR,2,,9800.0,9754.829772,-0.0
cap_PK_BACR_S3,capacity,PK,BACR,3,,8400.0,8355.698318,-0.0
cap_PK_BACR_S4,capacity,PK,BACR,4,,9800.0,9653.80445,-0.0
cap_CRMB_BACR_S1,capacity,CRMB,BACR,1,,5523.0,5097.53772,-0.0
cap_CRMB_BACR_S2,capacity,CRMB,BACR,2,,4734.0,4381.31416,-0.0
cap_CRMB_BACR_S3,capacity,CRMB,BACR,3,,5523.0,5523.0,-0.0
cap_CRMB_BACR_S4,capacity,CRMB,BACR,4,,5523.0,5290.86755,-0.0
cap_BAF_BACR_S1,capacity,BAF,BACR,1,,1260.0,1260.0,-0.0
cap_LGB_BACR_S1,capacity,LGB,BACR,1,,4200.0,4200.0,-0.0
cap_LGB_BACR_S2,capacity,LGB,BACR,2,,4200.0,3857.89474,-0.0
cap_LGB_BACR_S3,capacity,LGB,BACR,3,,3600.0,3600.0,-0.0
cap_LGB_BACR_S4,capacity,LGB,BACR,4,,4200.0,4156.842105,-0.0
cap_BAF_BACR_S2,capacity,BAF,BACR,2,,1260.0,1260.0,-0.0
cap_BAF_BACR_S3,capacity,BAF,BACR,3,,1260.0,1260.0,-0.0
cap_BAF_BACR_S4,capacity,BAF,BACR,4,,1260.0,1260.0,-0.0
cap_PK_HRC_DEC_S1,capacity,PK,HRC DEC,1,,8078.0,8078.0,-0.0
cap_PK_PPGI_S2,capacity,PK,PPGI,2,,8078.0,7557.45523,-0.0
cap_PK_PPGI_S3,capacity,PK,PPGI,3,,6924.0,6620.53348,-0.0
cap_PK_PPGI_S4,capacity,PK,PPGI,4,,8078.0,7929.58936,-0.0
cap_CRMB_PPGI_S1,capacity,CRMB,PPGI,1,,5523.0,4053.5187,-0.0
cap_CRMB_PPGI_S2,capacity,CRMB,PPGI,2,,4734.0,3979.07718,-0.0
cap_CRMB_PPGI_S3,capacity,CRMB,PPGI,3,,5523.0,5224.08547,-0.0
cap_CRMB_PPGI_S4,capacity,CRMB,PPGI,4,,5523.0,5376.81552,-0.0
cap_PK_BACR_S1,capacity,PK,BACR,1,,9800.0,9010.001909999999,-0.0
cap_CRMA_BACR_S1,capacity,CRMA,BACR,1,,5523.0,5523.0,-0.0
cap_LGA_BACR_S1,capacity,LGA,BACR,1,,1800.0,1387.30159,-0.0
cap_LGA_BACR_S2,capacity,LGA,BACR,2,,2100.0,2100.0,-0.0
cap_LGA_BACR_S3,capacity,LGA,BACR,3,,2100.0,2100.0,-0.0
cap_LGA_BACR_S4,capacity,LGA,BACR,4,,2100.0,1917.9894199999999,-0.0
cap_CRMA_BACR_S2,capacity,CRMA,BACR,2,,5523.0,5523.0,-0.0
cap_CRMA_BACR_S3,capacity,CRMA,BACR,3,,5523.0,5523.0,-0.0
stock_max_CRC_S2,stock_max,,CRC,2,,1500.0,1050.0,-0.0
stock_min_CRC_S2,stock_min,,CRC,2,,100.0,-350.0,-0.0
stock_max_CRC_S1,stock_max,,CRC,1,,1500.0,1050.0,-0.0
stock_min_CRC_S1,stock_min,,CRC,1,,100.0,-350.0,-0.0
stock_max_HRC_DEC_S4,stock_max,,HRC DEC,4,,600.0,400.0,-0.0
stock_min_HRC_DEC_S4,stock_min,,HRC DEC,4,,50.0,-150.0,-0.0
stock_max_HRC_DEC_S3,stock_max,,HRC DEC,3,,600.0,400.0,-0.0
stock_min_HRC_DEC_S3,stock_min,,HRC DEC,3,,50.0,-150.0,-0.0
stock_max_HRC_DEC_S2,stock_max,,HRC DEC,2,,600.0,400.0,-0.0
stock_min_HRC_DEC_S2,stock_min,,HRC DEC,2,,50.0,-150.0,-0.0
stock_max_HRC_DEC_S1,stock_max,,HRC DEC,1,,600.0,400.0,-0.0
stock_min_HRC_DEC_S1,stock_min,,HRC DEC,1,,50.0,-150.0,-0.0
cap_PK_HRC_DEC_S4,capacity,PK,HRC DEC,4,,8078.0,8078.0,-0.0
cap_PK_HRC_DEC_S3,capacity,PK,HRC DEC,3,,6924.0,6924.0,-0.0
cap_PK_HRC_DEC_S2,capacity,PK,HRC DEC,2,,8078.0,7940.94416,-0.0
stock_min_CRC_S3,stock_min,,CRC,3,,100.0,-350.0,-0.0
stock_min_PPGI_S3,stock_min,,PPGI,3,,50.0,-170.0,-0.0
stock_max_CRC_S3,stock_max,,CRC,3,,1500.0,1050.0,-0.0
stock_min_CRC_S4,stock_min,,CRC,4,,100.0,-350.0,-0.0
stock_max_CRC_S4,stock_max,,CRC,4,,1500.0,1050.0,-0.0
stock_min_HDG_S1,stock_min,,HDG,1,,80.0,-300.0,-0.0
stock_max_HDG_S1,stock_max,,HDG,1,,1200.0,820.0,-0.0
stock_min_HDG_S2,stock_min,,HDG,2,,80.0,-300.0,-0.0
stock_max_HDG_S2,stock_max,,HDG,2,,1200.0,820.0,-0.0
stock_min_HDG_S3,stock_min,,HDG,3,,80.0,-300.0,-0.0
stock_max_HDG_S3,stock_max,,HDG,3,,1200.0,820.0,-0.0
stock_min_HDG_S4,stock_min,,HDG,4,,80.0,-300.0,-0.0
stock_max_HDG_S4,stock_max,,HDG,4,,1200.0,820.0,-0.0
stock_min_PPGI_S1,stock_min,,PPGI,1,,50.0,-170.0,-0.0
stock_max_PPGI_S1,stock_max,,PPGI,1,,800.0,580.0,-0.0
stock_min_PPGI_S2,stock_min,,PPGI,2,,50.0,-170.0,-0.0
stock_max_PPGI_S2,stock_max,,PPGI,2,,800.0,580.0,-0.0
pk_stock_balance_DC01_S4,pk_stock_balance,,,4,DC01,,1.1368684e-13,0.0
pk_stock_balance_DC01_S3,pk_stock_balance,,,3,DC01,,1.1368684e-13,0.0
pk_stock_balance_DC01_S2,pk_stock_balance,,,2,DC01,,2.2737368e-13,0.0
pk_stock_balance_DC01_S1,pk_stock_balance,,,1,DC01,,-0.0,0.0
stock_max_BACR_S4,stock_max,,BACR,4,,500.0,350.0,-0.0
stock_min_BACR_S4,stock_min,,BACR,4,,30.0,-120.0,-0.0
stock_max_BACR_S3,stock_max,,BACR,3,,500.0,350.0,-0.0
stock_min_BACR_S3,stock_min,,BACR,3,,30.0,-120.0,-0.0
stock_max_BACR_S2,stock_max,,BACR,2,,500.0,350.0,-0.0
stock_min_BACR_S2,stock_min,,BACR,2,,30.0,-120.0,-0.0
stock_max_BACR_S1,stock_max,,BACR,1,,500.0,350.0,-0.0
stock_min_BACR_S1,stock_min,,BACR,1,,30.0,-120.0,-0.0
stock_max_PPGI_S4,stock_max,,PPGI,4,,800.0,580.0,-0.0
stock_min_PPGI_S4,stock_min,,PPGI,4,,50.0,-170.0,-0.0
stock_max_PPGI_S3,stock_max,,PPGI,3,,800.0,580.0,-0.0
pk_stock_balance_DD13_S1,pk_stock_balance,,,1,DD13,,-0.0,0.0
pk_stock_balance_S320_S4,pk_stock_balance,,,4,S320,,-7.1054274e-15,0.0
pk_stock_balance_S320_S3,pk_stock_balance,,,3,S320,,4.004258e-27,0.0
pk_stock_balance_S320_S2,pk_stock_balance,,,2,S320,,-7.1054274e-15,0.0
pk_stock_balance_S320_S1,pk_stock_balance,,,1,S320,,-0.0,0.0
pk_stock_balance_DX52_S4,pk_stock_balance,,,4,DX52,,1.4210855e-14,0.0
pk_stock_balance_DX52_S3,pk_stock_balance,,,3,DX52,,1.4210855e-14,0.0
pk_stock_balance_DX52_S2,pk_stock_balance,,,2,DX52,,-0.0,0.0
pk_stock_balance_DX52_S1,pk_stock_balance,,,1,DX52,,-0.0,0.0
pk_stock_balance_DX51_S4,pk_stock_balance,,,4,DX51,,-2.8421709e-14,0.0
pk_stock_balance_DX51_S3,pk_stock_balance,,,3,DX51,,1.7053026e-13,0.0
pk_stock_balance_DX51_S2,pk_stock_balance,,,2,DX51,,-2.8421709e-13,0.0
pk_stock_balance_DX51_S1,pk_stock_balance,,,1,DX51,,-0.0,0.0
pk_stock_balance_DD13_S4,pk_stock_balance,,,4,DD13,,2.8421709e-14,0.0
pk_stock_balance_DD13_S3,pk_stock_balance,,,3,DD13,,4.004258e-27,0.0
pk_stock_balance_DD13_S2,pk_stock_balance,,,2,DD13,,-1.1368684e-13,0.0
ip_balance_SKP_out_S1,interprocess_balance,,SKP-out (vers CRC),1,,,-0.0,-0.0
