order_idx,order_id,client,family,grade,thickness,width,tonnage,price,due_week,priority,route_id,route_lines,stage_schedule,prod_week,completion_week,delivery_week,delay_weeks,delay_penalty,stock_cost,margin,revenue,transform_cost,hrc_cost,zinc_cost,paint_cost,scrap_value,downgraded_value,nonconforming_value,margin_before_timing,hrc_input,input_LGA,input_CRMA,input_PK,week_PK,week_CRMA,week_LGA,input_CRMB,week_CRMB,input_LGB,week_LGB,input_SKP,input_BAF,week_BAF,week_SKP,value,delivered_tonnage,realized_margin
0,CMD-001,Client_19,HDG,DX51,0.3,1250,423.0,11017.0,1,Haute,HDG_CRMB_LGA,PK>CRMB>LGA,PK:S1>CRMB:S1>LGA:S1,1,1,1,0,0.0,0.0,1075407.7261130998,4660191.0,644785.9971242672,2867160.575046912,190350.00000000003,0.0,57274.06233412828,50192.91159488549,10046.324355265158,1075407.7261130998,468.4902900403451,447.61904761904765,,468.49029004034503,1,,1.0,461.4629356897398,1.0,,,,,,,1.0,423.0,1075407.7261130998
2,CMD-003,Client_09,HDG,DX51,1.2,1140,552.0,10210.0,1,Haute,HDG_CRMB_LGB,PK>CRMB>LGB,PK:S1>CRMB:S1>LGB:S1,1,1,1,0,0.0,0.0,1133740.2629281878,5635920.0,685678.2899212552,3709687.636853398,248400.0,0.0,69117.77498065119,60382.58414469898,12085.830577490355,1133740.2629281878,608.145514238262,,,608.145514238262,1,,,599.023331524688,1.0,581.0526315789474,1.0,,,,,1.0,552.0,1133740.2629281878
3,CMD-004,Client_02,CRC,DD13,0.7,1320,95.0,9076.0,1,Normale,CRC_CRMB_BAF_SKP,PK>CRMB>BAF>SKP,PK:S1>CRMB:S1>BAF:S1>SKP:S1,1,1,1,0,0.0,0.0,170636.15681807825,862220.0,97413.73438181041,608659.8817904097,0.0,0.0,6779.7327877930275,6278.73347128296,1431.3067312223334,170636.15681807825,100.93862052908949,,,100.93862052908949,1,,,99.42454122115315,1.0,,,95.47738693467336,96.44180498451855,1.0,1.0,1.0,95.0,170636.15681807825
5,CMD-006,Client_09,PPGI,DX51,0.4,1250,154.0,12834.0,1,Normale,PPGI_CRMB_LGA,PK>CRMB>LGA,PK:S1>CRMB:S1>LGA:S1,1,1,1,0,0.0,0.0,671069.7428948546,1976436.0,238629.66257900582,1043836.2377239347,69300.0,0.0,20851.549880510058,21287.34153191341,4260.75178537164,671069.7428948546,170.56147675227692,162.96296296296296,,170.56147675227692,1,,1.0,168.00305460099275,1.0,,,,,,,1.0,154.0,671069.7428948546
6,CMD-007,Client_10,CRC,DX52,0.4,1140,277.0,9699.0,1,Normale,CRC_CRMB_BAF_SKP,PK>CRMB>BAF>SKP,PK:S1>CRMB:S1>BAF:S1>SKP:S1,1,1,1,0,0.0,0.0,572360.5450511364,2686623.0,318581.1810264326,1839473.5451682755,0.0,0.0,19768.273497038615,19564.136478878518,4459.861269927326,572360.5450511364,294.3157672269241,,,294.3157672269241,1,,,289.90103071852025,1.0,,,278.391959798995,281.20399979696464,1.0,1.0,1.0,277.0,572360.5450511364
7,CMD-008,Client_05,BACR,DC01,0.4,1280,390.0,10212.0,1,Normale,BACR_B_CRMB_LGA,PK>CRMB>LGA,PK:S1>CRMB:S1>LGA:S1,1,1,1,0,0.0,0.0,1013758.5004390015,3982680.0,550671.079114221,2522537.788642766,0.0,0.0,52805.87307401898,42895.73220297591,8585.762918993545,1013758.5004390015,431.94140216485715,412.6984126984127,,431.9414021648571,1,,1.0,425.46228113238425,1.0,,,,,,,1.0,390.0,1013758.5004390015
10,CMD-011,Client_16,CRC,DX52,0.2,1140,49.0,9831.0,1,Basse,CRC_CRMB_BAF_SKP,PK>CRMB>BAF>SKP,PK:S4>CRMB:S4>BAF:S4>SKP:S4,4,4,4,3,0.0,0.0,102176.01595129573,481719.0,61953.23145019295,325394.2372319333,0.0,0.0,3496.9148063353514,3507.9042576754837,799.6655694111612,102176.01595129573,52.06307795710932,,,52.06307795710932,4,,,51.28213178775268,4.0,,,49.246231155778894,49.743667834120096,4.0,4.0,1.0,49.0,102176.01595129573
11,CMD-012,Client_15,HDG,DX52,0.9,1320,575.0,10792.0,2,Haute,HDG_CRMB_LGB,PK>CRMB>LGB,PK:S1>CRMB:S1>LGB:S1,1,1,1,0,0.0,0.0,1325013.6018629964,6205400.0,763465.5618322587,4009959.48450854,258750.0,0.0,71997.68227151164,66483.92589879115,13307.040033492074,1325013.6018629964,633.4849106648562,,,633.4849106648562,1,,,623.9826370048834,1.0,605.2631578947369,1.0,,,,,1.0,575.0,1325013.6018629964
12,CMD-013,Client_08,PPGI,S320,0.35,1280,470.0,13136.0,2,Haute,PPGI_CRMB_LGA,PK>CRMB>LGA,PK:S2>CRMB:S2>LGA:S2,2,2,2,0,0.0,0.0,1779173.5263214286,6173920.0,766164.3354290798,3560526.2043066225,211500.0,0.0,63637.8470379203,66496.63517093944,13309.583848271172,1779173.5263214286,520.5447667114945,497.35449735449737,,520.5447667114945,2,,2.0,512.7365952108221,2.0,,,,,,,1.0,470.0,1779173.5263214286
14,CMD-015,Client_04,HDG,DD13,0.7,1320,124.0,10398.0,2,Normale,HDG_CRMB_LGB,PK>CRMB>LGB,PK:S2>CRMB:S2>LGB:S2,2,2,2,0,0.0,0.0,277241.57747922564,1289352.0,164643.0081168697,823772.760699698,55800.0,0.0,15526.456698552076,13813.965711389785,2764.9238858515278,277241.57747922564,136.6123981259864,,,136.61239812598637,2,,,134.5632121540966,2.0,130.5263157894737,2.0,,,,,1.0,124.0,277241.57747922564
15,CMD-016,Client_01,BACR,DX51,0.9,1100,122.0,10224.0,2,Normale,BACR_B_CRMB_LGB,PK>CRMB>LGB,PK:S2>CRMB:S2>LGB:S2,2,2,2,0,0.0,0.0,307034.03904316237,1247328.0,151713.79151736162,819894.7313335409,0.0,0.0,15276.029977607686,13363.725517047631,2674.8063994094823,307034.03904316237,134.4089723497608,,,134.40897234976077,2,,,132.39283776451438,2.0,128.42105263157896,2.0,,,,,1.0,122.0,307034.03904316237
18,CMD-019,Client_08,HDG,DC01,0.9,1250,149.0,10222.0,2,Normale,HDG_CRMB_LGB,PK>CRMB>LGB,PK:S2>CRMB:S2>LGB:S2,2,2,2,0,0.0,0.0,341048.4567190439,1523078.0,197837.1629791418,955383.3823136522,67050.0,0.0,18656.790710356927,16318.07859123973,3266.132710241248,341048.4567190439,164.15522032880622,,,164.1552203288062,2,,,161.69289202387412,2.0,156.8421052631579,2.0,,,,,1.0,149.0,341048.4567190439
19,CMD-020,Client_18,PPGI,DX51,0.4,1090,193.0,12749.0,2,Normale,PPGI_CRMB_LGA,PK>CRMB>LGA,PK:S1>CRMB:S1>LGA:S1,1,1,1,0,0.0,0.0,822261.3636280973,2460557.0,299061.8498555073,1310321.932018515,86850.0,0.0,26132.137187911958,26501.600465555304,5304.407848652164,822261.3636280973,213.75561696876264,204.23280423280426,,213.7556169687626,1,,1.0,210.54928271423117,1.0,,,,,,,1.0,193.0,822261.3636280973
20,CMD-021,Client_14,CRC,DC01,0.4,1090,153.0,9387.0,2,Normale,CRC_CRMB_BAF_SKP,PK>CRMB>BAF>SKP,PK:S2>CRMB:S2>BAF:S2>SKP:S2,2,2,2,0,0.0,0.0,336255.53290903865,1436211.0,175967.2227330115,947749.8960604478,0.0,0.0,10918.938068761403,10458.567508901173,2384.146124835377,336255.53290903865,162.56430464158623,,,162.56430464158623,2,,,160.12584007196244,2.0,,,153.76884422110552,155.32206486980357,2.0,2.0,1.0,153.0,336255.53290903865
21,CMD-022,Client_01,HDG,DC01,0.3,1100,290.0,10583.0,2,Normale,HDG_CRMB_LGA,PK>CRMB>LGA,PK:S2>CRMB:S2>LGA:S2,2,2,2,0,0.0,0.0,712570.1575855138,3069070.0,442051.8656407505,1862885.7395930504,130500.0,0.0,39265.905619142315,33055.632095018256,6616.225105154197,712570.1575855138,321.1871964815604,306.8783068783069,,321.1871964815604,2,,2.0,316.369388534337,2.0,,,,,,,1.0,290.0,712570.1575855138
23,CMD-024,Client_13,HDG,DX51,1.2,1100,144.0,10114.0,2,Normale,HDG_CRMB_LGB,PK>CRMB>LGB,PK:S1>CRMB:S1>LGB:S1,1,1,1,0,0.0,0.0,281756.5761619076,1456416.0,178872.5973707622,967744.6009182779,64800.0,0.0,18030.723907995958,15603.869762112645,3123.1807808390095,281756.5761619076,158.64665588824226,,,158.64665588824224,1,,,156.2669560499186,1.0,151.57894736842107,1.0,,,,,1.0,144.0,281756.5761619076
24,CMD-025,Client_16,HDG,DD13,0.5,1320,80.0,10258.0,2,Normale,HDG_CRMB_LGA,PK>CRMB>LGA,PK:S2>CRMB:S2>LGA:S2,2,2,2,0,0.0,0.0,163623.94154614516,820640.0,108177.61984228049,534278.2882162234,36000.0,0.0,10831.973963901328,8838.760250647843,1769.115390099848,163623.94154614516,88.60336454663737,84.65608465608466,,88.60336454663735,2,,2.0,87.2743140784378,2.0,,,,,,,1.0,80.0,163623.94154614516
25,CMD-026,Client_16,HDG,DD13,1.2,1250,90.0,10021.0,2,Basse,HDG_CRMB_LGB,PK>CRMB>LGB,PK:S2>CRMB:S2>LGB:S2,2,2,2,0,0.0,0.0,180510.27682519396,901890.0,111795.37335672638,591950.3347830039,40500.0,0.0,11269.202442497473,9662.743405559795,1934.039116866949,180510.27682519396,99.15415993015141,,,99.1541599301514,2,,,97.66684753119914,2.0,94.73684210526316,2.0,,,,,1.0,90.0,180510.27682519396
26,CMD-027,Client_18,BACR,S320,0.9,1320,41.0,10543.0,2,Basse,BACR_B_CRMB_LGB,PK>CRMB>LGB,PK:S3>CRMB:S3>LGB:S3,3,3,3,1,0.0,0.0,81197.96619184675,432263.0,50985.7823951789,310771.17147885676,0.0,0.0,5133.74777935996,4631.214951621034,926.9573349014382,81197.96619184675,45.17022841262453,,,45.170228412624525,3,,,44.49267498643516,3.0,43.15789473684211,3.0,,,,,1.0,41.0,81197.96619184675
27,CMD-028,Client_02,PPGI,DC01,0.35,1020,134.0,12298.0,2,Basse,PPGI_CRMB_LGA,PK>CRMB>LGA,PK:S4>CRMB:S4>LGA:S4,4,4,4,2,0.0,0.0,535984.4138556833,1647932.0,218438.3424414823,872654.5374198315,60300.0,0.0,18143.556389534726,17749.16633038921,3552.5709970730436,535984.4138556833,148.4106356156176,141.7989417989418,,148.41063561561757,4,,4.0,146.1844760813833,4.0,,,,,,,1.0,134.0,535984.4138556833
28,CMD-029,Client_09,BACR,DD13,0.5,1250,40.0,9999.0,2,Basse,BACR_B_CRMB_LGA,PK>CRMB>LGA,PK:S1>CRMB:S1>LGA:S1,1,1,1,0,0.0,0.0,92822.71562334815,399960.0,53242.24907457939,264481.04317171255,0.0,0.0,5415.986981950664,4307.79702408987,862.2238635995504,92822.71562334815,44.30168227331868,42.32804232804233,,44.301682273318676,1,,1.0,43.6371570392189,1.0,,,,,,,1.0,40.0,92822.71562334815
32,CMD-033,Client_16,CRC,DX51,0.2,1100,565.0,9602.0,3,Haute,CRC_CRMB_BAF_SKP,PK>CRMB>BAF>SKP,PK:S3>CRMB:S3>BAF:S3>SKP:S3,3,3,3,0,0.0,0.0,1137657.9242742637,5425130.0,714358.6891705921,3661946.9016158627,0.0,0.0,40321.56868529537,39506.095099929626,9005.851275493747,1137657.9242742637,600.3191641993218,,,600.3191641993218,3,,,591.314376736332,3.0,,,567.8391959798995,573.574945434242,3.0,3.0,1.0,565.0,1137657.9242742637
33,CMD-034,Client_18,CRC,DX52,0.4,1100,373.0,9802.0,3,Haute,CRC_CRMB_BAF_SKP,PK>CRMB>BAF>SKP,PK:S2>CRMB:S3>BAF:S3>SKP:S3,2,3,3,0,0.0,0.0,809486.3122115466,3656146.0,428991.98744714574,2476980.6221941044,0.0,0.0,26619.371893124204,26624.256298969296,6069.2936607033125,809486.3122115466,396.3168995510567,,,396.3168995510567,2,,,390.3721460577908,3.0,,,374.8743718592965,378.6609816760571,3.0,3.0,1.0,373.0,809486.3122115466
34,CMD-035,Client_09,HDG,DC01,0.9,1320,575.0,10201.0,3,Haute,HDG_CRMB_LGB,PK>CRMB>LGB,PK:S2>CRMB:S2>LGB:S2,2,2,2,0,0.0,0.0,1265887.2359703751,5865575.0,763465.5618322587,3724891.2747093546,258750.0,0.0,71997.68227151164,62843.08080926321,12578.30943121318,1265887.2359703751,633.4849106648562,,,633.4849106648562,2,,,623.9826370048834,2.0,605.2631578947369,2.0,,,,,1.0,575.0,1265887.2359703751
36,CMD-037,Client_16,HDG,DX51,0.9,1100,143.0,10667.0,3,Normale,HDG_CRMB_LGB,PK>CRMB>LGB,PK:S1>CRMB:S1>LGB:S1,1,1,1,0,0.0,0.0,347655.6164273101,1525381.0,189870.5658121965,961024.1523007898,64350.0,0.0,17905.510547523765,16342.75266242691,3271.071330345856,347655.6164273101,157.54494300012948,,,157.54494300012945,1,,,155.1817688551275,1.0,150.5263157894737,1.0,,,,,1.0,143.0,347655.6164273101
37,CMD-038,Client_16,PPGI,S320,0.5,1090,144.0,12944.0,3,Normale,PPGI_CRMB_LGA,PK>CRMB>LGA,PK:S1>CRMB:S1>LGA:S1,1,1,1,0,0.0,0.0,543479.8579657053,1863936.0,209957.8109542001,1089289.7637363598,64800.0,0.0,19497.55313502239,20075.65244997994,4018.227071262856,543479.8579657053,159.48605618394726,152.38095238095238,,159.48605618394723,1,,1.0,157.09376534118803,1.0,,,,,,,1.0,144.0,543479.8579657053
38,CMD-039,Client_02,HDG,DC01,0.7,1020,92.0,10073.0,3,Normale,HDG_CRMB_LGB,PK>CRMB>LGB,PK:S2>CRMB:S2>LGB:S2,2,2,2,0,0.0,0.0,190614.5382795099,926716.0,122154.4898931614,595982.6039534968,41400.00000000001,0.0,11519.629163441863,9928.726250237558,1987.2767124887423,190614.5382795099,101.357585706377,,,101.35758570637698,2,,,99.83722192078133,2.0,96.8421052631579,2.0,,,,,1.0,92.0,190614.5382795099
39,CMD-040,Client_07,HDG,DX51,0.4,1140,172.0,10916.0,3,Normale,HDG_CRMB_LGA,PK>CRMB>LGA,PK:S3>CRMB:S3>LGA:S3,3,3,3,0,0.0,0.0,437357.11950506136,1877552.0,248320.38312094833,1162033.126029149,77400.0,0.0,23288.744022387855,20222.30452588755,4047.580106883346,437357.11950506136,190.49723377527033,182.01058201058203,,190.4972337752703,3,,3.0,187.63977526864124,3.0,,,,,,,1.0,172.0,437357.11950506136
40,CMD-041,Client_04,CRC,DC01,0.7,1140,187.0,9018.0,3,Normale,CRC_CRMB_BAF_SKP,PK>CRMB>BAF>SKP,PK:S2>CRMB:S3>BAF:S3>SKP:S3,2,3,3,0,0.0,0.0,370639.44992616004,1686366.0,191751.2455726163,1152400.2929036892,0.0,0.0,13345.368750708381,12280.209980090418,2799.4096716667227,370639.44992616004,198.68970567304984,,,198.68970567304984,2,,,195.7093600879541,3.0,,,187.9396984924623,189.83807928531547,3.0,3.0,1.0,187.0,370639.44992616004
41,CMD-042,Client_06,PPGI,DC01,0.35,1140,222.0,12429.0,3,Normale,PPGI_CRMB_LGA,PK>CRMB>LGA,PK:S1>CRMB:S2>LGA:S2,1,2,2,0,0.0,0.0,937102.0490692075,2759238.0,361890.38822394836,1426071.1523781284,99900.00000000001,0.0,30058.727749826186,29718.564969386156,5948.296952071949,937102.0490692075,245.8743366169187,234.92063492063494,,245.87433661691867,1,,2.0,242.1862215676649,2.0,,,,,,,1.0,222.0,937102.0490692075
42,CMD-043,Client_04,CRC,DD13,0.2,1280,115.0,9444.0,3,Normale,CRC_CRMB_BAF_SKP,PK>CRMB>BAF>SKP,PK:S1>CRMB:S1>BAF:S1>SKP:S1,1,1,1,0,0.0,0.0,226666.9891654115,1086060.0,145400.4411586161,731911.2500154031,0.0,0.0,8207.044953644192,7908.748664866937,1802.886720919635,226666.9891654115,122.18885642995045,,,122.18885642995045,1,,,120.35602358350118,1.0,,,115.57788944723619,116.74534287599614,1.0,1.0,1.0,115.0,226666.9891654115
43,CMD-044,Client_09,HDG,DX51,0.7,1280,267.0,10706.0,3,Normale,HDG_CRMB_LGB,PK>CRMB>LGB,PK:S2>CRMB:S2>LGB:S2,2,2,2,0,0.0,0.0,647899.8278269537,2858502.0,354513.57392906625,1806126.0745143513,120150.00000000001,0.0,33431.96724607584,30625.654292961983,6129.854731333541,647899.8278269537,294.15734112611585,,,294.1573411261158,2,,,289.7449810092241,2.0,281.0526315789474,2.0,,,,,1.0,267.0,647899.8278269537
44,CMD-045,Client_12,CRC,DC01,0.7,1320,77.0,8804.0,3,Basse,CRC_CRMB_BAF_SKP,PK>CRMB>BAF>SKP,PK:S4>CRMB:S4>BAF:S4>SKP:S4,4,4,4,1,0.0,0.0,129445.82383582563,677908.0,78956.39523578317,481062.84032369015,0.0,0.0,5495.151838526981,4936.563348159969,1125.3442086120358,129445.82383582563,81.81340821831465,,,81.81340821831465,4,,,80.58620709503992,4.0,,,77.38693467336684,78.16862088218872,4.0,4.0,1.0,77.0,129445.82383582563
45,CMD-046,Client_15,BACR,DC01,0.7,1100,203.0,9783.0,3,Basse,BACR_B_CRMB_LGB,PK>CRMB>LGB,PK:S2>CRMB:S2>LGB:S2,2,2,2,0,0.0,0.0,487304.70785747125,1985949.0,252441.80063954432,1297156.754464003,0.0,0.0,25418.31217585541,21277.224055625484,4258.72672953775,487304.70785747125,223.64771628689707,,,223.64771628689704,2,,,220.2930005425936,2.0,213.6842105263158,2.0,,,,,1.0,203.0,487304.70785747125
47,CMD-048,Client_05,CRC,DX52,0.5,1090,77.0,9390.0,3,Basse,CRC_CRMB_BAF_SKP,PK>CRMB>BAF>SKP,PK:S4>CRMB:S4>BAF:S4>SKP:S4,4,4,4,1,0.0,0.0,137444.80887438802,723030.0,83757.53144286507,513788.203611016,0.0,0.0,5495.151838526981,5265.144234350534,1200.2478553915284,137444.80887438802,81.81340821831465,,,81.81340821831465,4,,,80.58620709503992,4.0,,,77.38693467336684,78.16862088218872,4.0,4.0,1.0,77.0,137444.80887438802
48,CMD-049,Client_17,HDG,DC01,0.5,1100,741.0,10196.0,4,Haute,HDG_CRMB_LGA,PK>CRMB>LGA,PK:S4>CRMB:S4>LGA:S4,4,4,4,0,0.0,0.0,1657789.2891819435,7555236.0,1001995.203789123,4759994.251856726,333450.00000000006,0.0,100331.15884063605,81374.19531227287,16287.390674883525,1657789.2891819435,820.6886641132286,784.1269841269842,,820.6886641132285,4,,4.0,808.3783341515301,4.0,,,,,,,1.0,741.0,1657789.2891819435
50,CMD-051,Client_19,HRC DEC,DD13,2.5,1140,135.0,6804.0,4,Normale,HRCDEC_PK,PK,PK:S3,3,3,3,0,0.0,0.0,86738.1989847716,918540.0,20558.375634517764,815482.2335025381,0.0,0.0,2467.005076142132,1398.791878172589,373.01116751269035,86738.1989847716,137.05583756345177,,,137.05583756345177,3,,,,,,,,,,,1.0,135.0,86738.1989847716
51,CMD-052,Client_11,CRC,DX51,0.7,1320,178.0,9169.0,4,Normale,CRC_CRMB_BAF_SKP,PK>CRMB>BAF>SKP,PK:S4>CRMB:S4>BAF:S4>SKP:S4,4,4,4,0,0.0,0.0,308051.2350393062,1632082.0,182522.5759996027,1168805.475019154,0.0,0.0,12703.078276075357,11884.910905892271,2709.296876095206,308051.2350393062,189.12709951766243,,,189.12709951766243,4,,,186.2901930248975,4.0,,,178.89447236180905,180.70148723415056,4.0,4.0,1.0,178.0,308051.2350393062
53,CMD-054,Client_16,PPGI,DD13,0.5,1020,130.0,12121.0,4,Basse,PPGI_CRMB_LGA,PK>CRMB>LGA,PK:S4>CRMB:S4>LGA:S4,4,4,4,0,0.0,0.0,497452.9227159921,1575730.0,189545.24600031954,868202.2183513629,58500.0,0.0,17601.95769133966,16971.50966288912,3396.9197134456435,497452.9227159921,143.98046738828572,137.56613756613757,,143.9804673882857,4,,4.0,141.82076037746143,4.0,,,,,,,1.0,130.0,497452.9227159921
55,CMD-056,Client_16,CRC,DC01,0.3,1250,138.0,9054.0,4,Basse,CRC_CRMB_BAF_SKP,PK>CRMB>BAF>SKP,PK:S4>CRMB:S4>BAF:S4>SKP:S4,4,4,4,0,0.0,0.0,251230.28468732897,1249452.0,165875.89566855622,853366.9733067739,0.0,0.0,9848.45394437303,9098.57819716712,2074.12152111898,251230.28468732897,146.62662771594054,,,146.62662771594054,4,,,144.42722830020142,4.0,,,138.69346733668343,140.09441145119538,4.0,4.0,1.0,138.0,251230.28468732897
56,CMD-057,Client_12,BACR,DC01,0.5,1320,132.0,9833.0,4,Basse,BACR_B_CRMB_LGA,PK>CRMB>LGA,PK:S4>CRMB:S4>LGA:S4,4,4,4,0,0.0,0.0,297277.31912378996,1297956.0,175699.42194611198,859629.8428314758,0.0,0.0,17872.75704043719,13979.725458044784,2798.1014028958352,297277.31912378996,146.19555150195166,139.6825396825397,,146.19555150195163,4,,4.0,144.00261822942235,4.0,,,,,,,1.0,132.0,297277.31912378996
58,CMD-059,Client_13,CRC,DD13,0.7,1100,137.0,9136.0,4,Basse,CRC_CRMB_BAF_SKP,PK>CRMB>BAF>SKP,PK:S4>CRMB:S4>BAF:S4>SKP:S4,4,4,4,0,0.0,0.0,266013.93300351454,1251632.0,140480.85905587397,866106.48972934,0.0,0.0,9777.088336080471,9114.453077090338,2077.7403755575974,266013.93300351454,145.56411592089748,,,145.56411592089748,4,,,143.38065418208402,4.0,,,137.68844221105527,139.0792345566215,4.0,4.0,1.0,137.0,266013.93300351454
59,CMD-060,Client_12,CRC,DC01,0.5,1090,238.0,8778.0,4,Basse,CRC_CRMB_BAF_SKP,PK>CRMB>BAF>SKP,PK:S4>CRMB:S4>BAF:S4>SKP:S4,4,4,4,0,0.0,0.0,391665.9548952886,2089164.0,258886.91536885567,1474277.61609403,0.0,0.0,16985.01477362885,15213.407174270364,3468.064410275075,391665.9548952886,252.87780722024527,,,252.87780722024527,4,,,249.08464011194158,4.0,,,239.1959798994975,241.61210090858333,4.0,4.0,1.0,238.0,391665.9548952886
60,CMD-061,Client_04,HDG,DC01,0.5,1140,650.0,10350.0,1,Haute,HDG_CRMB_LGA,PK>CRMB>LGA,PK:S1>CRMB:S1>LGA:S1,1,1,1,0,0.0,0.0,1555595.0579812105,6727500.0,878943.161218529,4175433.554260286,292500.0,0.0,88009.7884566983,72459.00709962148,14502.977903705312,1555595.0579812105,719.9023369414286,687.8306878306879,,719.9023369414285,1,,1.0,709.1038018873071,1.0,,,,,,,1.0,650.0,1555595.0579812105
61,CMD-062,Client_15,HDG,DD13,0.7,1250,580.0,10520.0,1,Haute,HDG_CRMB_LGB,PK>CRMB>LGB,PK:S1>CRMB:S1>LGB:S1,1,1,1,0,0.0,0.0,1406784.583092563,6101600.0,770104.3928047132,3814791.0463793585,261000.0,0.0,72623.7490738726,65371.8249047707,13084.448297991303,1406784.583092563,638.9934751054202,,,638.9934751054201,1,,,629.4085729788388,1.0,610.5263157894738,1.0,,,,,1.0,580.0,1406784.583092563
62,CMD-063,Client_03,PPGI,DC01,0.4,1090,480.0,12100.0,1,Haute,PPGI_CRMB_LGA,PK>CRMB>LGA,PK:S1>CRMB:S1>LGA:S1,1,1,1,0,0.0,0.0,1888941.5963723557,5808000.0,743780.7664800182,3099345.691841375,216000.0,0.0,64991.84378340797,62555.468336618585,12520.742573722848,1888941.5963723557,531.6201872798242,507.93650793650795,,531.6201872798241,1,,1.0,523.6458844706268,1.0,,,,,,,1.0,480.0,1888941.5963723557
63,CMD-064,Client_01,PPGI,DD13,0.5,1100,520.0,12380.0,1,Haute,PPGI_CRMB_LGA,PK>CRMB>LGA,PK:S1>CRMB:S1>LGA:S1,1,1,1,0,0.0,0.0,2172306.3605531175,6437600.0,758180.9840012782,3426735.1238412,234000.0,0.0,70407.83076535864,69336.61896759915,13878.01866263743,2172306.3605531175,575.9218695531429,550.2645502645503,,575.9218695531428,1,,1.0,567.2830415098457,1.0,,,,,,,1.0,520.0,2172306.3605531175
64,CMD-065,Client_11,HDG,DC01,0.4,1280,720.0,10580.0,1,Haute,HDG_CRMB_LGA,PK>CRMB>LGA,PK:S1>CRMB:S2>LGA:S2,1,2,2,1,360000.0,0.0,1433081.9761319137,7617600.0,1039480.673529551,4656992.84057126,324000.0,0.0,97487.76567511196,82045.89111587909,16421.833441734012,1793081.9761319137,797.4302809197363,761.9047619047619,,797.4302809197362,1,,2.0,785.4688267059402,2.0,,,,,,,1.0,720.0,1433081.9761319137
65,CMD-066,Client_13,HDG,DD13,0.9,1100,540.0,10180.0,2,Haute,HDG_CRMB_LGB,PK>CRMB>LGB,PK:S2>CRMB:S2>LGB:S2,2,2,2,0,0.0,0.0,1135702.6698799955,5497200.0,716993.7450250778,3539803.5095064053,243000.0,0.0,67615.21465498484,58896.35437696759,11788.35537952632,1135702.6698799955,594.9249595809084,,,594.9249595809084,2,,,586.0010851871948,2.0,568.421052631579,2.0,,,,,1.0,540.0,1135702.6698799955
66,URG-001,Nouveau_Client,HDG,DC01,0.5,1140,300.0,11500.0,1,Haute,HDG_CRMB_LGA,PK>CRMB>LGA,PK:S1>CRMB:S1>LGA:S1,1,1,1,0,0.0,0.0,1067426.5388120112,3450000.0,405666.0744085518,1927123.1788893628,135000.0,0.0,40619.90236462998,37158.46517929307,7437.424566002724,1067426.5388120112,332.26261704989014,317.46031746031747,,332.2626170498901,1,,1.0,327.27867779414174,1.0,,,,,,,1.0,300.0,1067426.5388120112
